id,titile,author,year
01JNES7VZPJ5RNVR4NGY0RFTMZ,Fear,Wain Hakey,2024
01JNES7VZPJHFGFGCSS94E930Z,"Sentinel, The",Evangelia Tidcombe,2008
01JNES7VZQTNREWJTXJWS9GGB1,Air Crew,Elnora Whitnall,2003
01JNES7VZQHDHVSFD551D2BDMY,Too Much Sleep,Emmi Renehan,2014
01JNES7VZRPB6KG6RPEJFB86PD,"Last Horror Movie, The",Alanah Mousby,1996
01JNES7VZSJSMJNBVEYQGGHX87,Warrior,Kaspar Derham,2025
01JNES7VZTXJ7QGB1DMEPJVF88,Evening,Daffie Siward,2023
01JNES7VZTKGWSGAXNQRZTM20K,Turkish Passion (La pasión turca),Kelley Giorgini,2007
01JNES7VZVC0ZSDHK4XA92T277,The Gift of Love,Brennan Harsant,1999
01JNES7VZWVHVNFRCWFJDZ06WR,Garbage Warrior,Gates Chaffey,2021
01JNES7VZWAPPAM6E7H33R7ZQJ,Riddick,Ardella Maybery,2007
01JNES7VZX9DJ561QRKNFSMJQW,Lola (Twinky) (London Affair),Barny Cudiff,2001
01JNES7VZY1XM4VCRJWD7C7G33,Grumpier Old Men,Der Ludwikiewicz,1990
01JNES7VZYKBKFX8PN3BGRH0JY,Free Fall,Rosette McArte,1997
01JNES7VZZ9SB4CCNPEFD670J1,X Games 3D: The Movie,Brynn MacCheyne,2011
01JNES7VZZVCS090HQ5CVN0KYW,Kid Galahad,Portia Sabati,2013
01JNES7W00YZSXEAVBN5YVFP2B,"Bruno (Dress Code, The)",Fran Bocking,2008
01JNES7W00R3NM1FRCZ9ZAHTC7,"Nude Bomb, The",Townie Feltoe,1994
01JNES7W01SQQ969983PNDDEMX,Return Of The Ghostbusters,Welch Peeke,2002
01JNES7W029ZD278CEY83MAAP8,Class of 1999,Lorne Beneyto,2003
01JNES7W03Q721QA45KDSG36N8,"Resurrected, The",Ravid MacRannell,2014
01JNES7W0400B0SN6921GTGYN6,Amarcord,Anabella Largen,2007
01JNES7W04K4G4M50QN4Y8TEGQ,Me Myself I,Faunie Russ,2010
01JNES7W05FA8EN85Y8V1BDNXZ,Friends with Kids,Karon Sylvaine,2002
01JNES7W05E6AK89ZJ4S10NXVH,Prime Cut,Trey Igoe,2004
01JNES7W060HVWSB94EHF4K4HQ,"Fat, Sick & Nearly Dead",Lonee Tubbs,2004
01JNES7W067SW2FCJ2SM1E880G,Prince Valiant,Toma Steane,1993
01JNES7W0767JKX3V1F6A3WG49,David et Madame Hansen,Gabrila Checcuzzi,2007
01JNES7W07JG13FNGB666P095K,Silent House,Whitney Tonkes,2007
01JNES7W08DS5TRRS2W020RC34,Black Rainbow,Savina Boullen,2013
01JNES7W0888G00X5K0H09AYV9,Dragon Ball Z: Super Android 13! (Doragon bôru Z 7: Kyokugen batoru!! San dai sûpâ saiyajin),Rees Joly,2001
01JNES7W09W06YGNM41F9CQYJV,Charlie Chan in City in Darkness,Silvie Baddeley,1994
01JNES7W0AJHS7VWAPZTRTQVYX,Advantageous,Janina Treslove,2003
01JNES7W0A6Q93VDWKQEHC982D,Frosty the Snowman,Jerri Mackieson,1998
01JNES7W0BT1WJAEAAAYWNNFGH,Paziraie Sadeh,Hermon Wetton,2025
01JNES7W0CAYVKKR8X0H98RDTB,Romeo and Juliet,Cirilo Malling,2002
01JNES7W0D62YPT7ANAT0CVGWZ,King Kelly,Kevan Rippen,2008
01JNES7W0DJ56KYARGH5XC3YK5,Black and White in Color (Noirs et blancs en couleur),Morse Chave,2001
01JNES7W0E8524WMYJ7WRYF7NQ,Victim,Obadiah Rudolfer,2019
01JNES7W0ESYMN6882QJRYVM24,Colossus: The Forbin Project,Thornie Robke,2023
01JNES7W0F5X895KP562WG1W6V,"2 Fast 2 Furious (Fast and the Furious 2, The)",Mufinella Crack,2017
01JNES7W0FSCSETQWJDJJG3B7J,Two Ninas,Rose Le Prevost,1995
01JNES7W0GH32EGZJ01N4VF9Y5,Dragon Ball Z: Wrath of the Dragon (Doragon bôru Z 13: Ryûken bakuhatsu!! Gokû ga yaraneba dare ga yaru),Merralee Redmille,2000
01JNES7W0GZMN85V1154WC553T,Brain Dead,Sayres Jeste,2012
01JNES7W0GRVTAP7H0E6JPD831,Sofia's Last Ambulance (Poslednaka lineika na Sofia),Joela Leitch,2007
01JNES7W0HXPBW1A30SRZ0K43R,Zero Kelvin (Kjærlighetens kjøtere),Garwin Losemann,1994
01JNES7W0HKWCYJ160HED7WG7H,Robot Carnival (Roboto kânibauru),Kerrie Belchamber,2023
01JNES7W0J0HAP7RSZ0J9X55JK,"Silent One, The",Morty Heathcote,2004
01JNES7W0JJBEGT9BSMFXMSJZT,Breakdown,Larina Ranald,2006
01JNES7W0KZZ4SGZF2A6145PFT,"Warlords, The (Tau ming chong)",Dean Faircley,2023
01JNES7W0K8DW9T5X9VYKEMADW,"Impostors, The",Jorrie Dexter,2021
01JNES7W0M5B2SS0WTF2VNKCNY,"Hard Corps, The",Zarla Minero,2021
01JNES7W0M2MR5BRJ49PAD0E7G,Asterix vs. Caesar (Astérix et la surprise de César),Jamie Kliche,1996
01JNES7W0MAN8TQMGMN7KTVQQA,"H.M. Pulham, Esq.",Jacobo Valintine,1990
01JNES7W0N82HDFXXZWGFY41TP,Clash of the Titans,Leticia McArdell,2011
01JNES7W0NCA6B9HTYQSDS92QA,Felon,Paul Ferrer,1998
01JNES7W0P133JHJF0ADYCFB92,Camille Claudel 1915,Belvia Piff,2016
01JNES7W0P4YFKVDZRZX4JJQJE,Grease,Shannon Le Brom,1994
01JNES7W0Q114RWEH2SJCMP5DV,Flashback,Corny Hannis,1992
01JNES7W0QVJCNHYV9QCDZECNF,Milagro Beanfield War,Allin Abby,2018
01JNES7W0R8RF2S5B1AA84EY99,Enquiring Minds: The Untold Story of the Man Behind the National Enquirer,Garner Searsby,2008
01JNES7W32RECGGK39JSE2QDRJ,Decoys 2: Alien Seduction ,Phoebe Cadman,2005
01JNES7W33C2T8RHCEB9KYSY44,Texas Across the River,Maurine Arangy,2001
01JNES7W34Y7KJEMXZ4QNXPRV1,When Nietzsche Wept,Tanny Danell,2015
01JNES7W35VV6G61T1NS54PC4R,Juarez,Tori Slisby,2024
01JNES7W35ZVTZWWVMB2EGQX6T,"Witnesses, The (Les témoins)",Estele Van Hesteren,2002
01JNES7W35P19C7W5YZ0F2EDZD,Inhuman Resources (Redd Inc.),Ailey Raddin,1999
01JNES7W369MKV19HN2YQ68JVZ,Minecraft: The Story of Mojang,Carolin Krates,2024
01JNES7W36HX0N3N8T07D437GY,"I, Robot",Gilly Sturm,2003
01JNES7W37KEH786CTR72X3N3H,Mystery Science Theater 3000: The Movie,Georgianna Mingard,2013
01JNES7W37Z42SDXCNNN6ZF0DK,I Remember Mama,Valery Bouldon,1992
01JNES7W386YRE9HKQKG3AP9QF,Venice/Venice,Garrot Pomroy,2002
01JNES7W391A3FT9QC26MAMZX8,"Quick and the Dead, The",Abigale Risom,2009
01JNES7W39Q1HMW3GE9RB01H1Q,After the Wedding (Efter brylluppet),Connie Matthias,2002
01JNES7W3AK4F0137KNZNWG1V1,Nowhere to Run,Adrianna Possel,2021
01JNES7W3AHFFH5RDER9TF0TJV,Last Call (Hoogste tijd),Junina Morson,1992
01JNES7W3CX1B1YN2BFRDP4GME,"Night in the Life of Jimmy Reardon, A",Oliviero Blackborne,1996
01JNES7W3CEE09C037HNJ1XM1P,No Regrets for Our Youth (Waga seishun ni kuinashi),Mariele Breen,1997
01JNES7W3DCWGG6YCJEN4GH35R,"Monkey's Tale, A (Château des singes, Le)",Annadiana Quayle,2013
01JNES7W3D0YX6XTX8ZY51TH9V,The Legend of Awesomest Maximus,Bunnie Demange,2005
01JNES7W3EJ9C8M62J2KZTZ987,Morning of the Earth,Loutitia Digan,1995
01JNES7W3EFZENF7E0A3PH591P,Lookin' to Get Out,Arny Peppett,1991
01JNES7W3FHX11JT8PTPY7FREM,Beyond the Law (Beyond the Law - Blue),Sarge Ivanchin,2013
01JNES7W3FPNC6V4Y6GDFQAT28,"Guard Post, The (G.P. 506)",Granger Ciardo,1998
01JNES7W3G5BQKJVPN7K5A89HZ,Fangs of the Living Dead (Malenka),Sidoney Hansberry,2022
01JNES7W3H36QAS1H8M3DNY67R,"Race for Your Life, Charlie Brown",Carmel Kropach,2015
01JNES7W3HPRGJ8WHDPFZ8M9WT,Mare Nostrum,Reece Clemence,1998
01JNES7W3HSKP1CS59KSBJZV6P,Hilary and Jackie,Noelani Cottee,2020
01JNES7W3J0680J5HG7W80FFJ9,City Girl,Rockie Melding,2014
01JNES7W3KSMN7PZ2PPYAEKHD2,Glasses (Megane),Frank Aberdalgy,2014
01JNES7W3MR37MZVAW14X1HC6E,American Wedding (American Pie 3),Rozella Roark,2014
01JNES7W3N212XXXGYEJKCPAWA,Valentin (Valentín),Celia Berget,1997
01JNES7W3NZFXG1YKN4Y2ANWJV,Big Shots,Brandi Colafate,1996
01JNES7W3NZRF8DB0WSF6QW9KA,Series 7: The Contenders,Winston Burchall,2013
01JNES7W3PGEXVPQPTKAXA3GYP,"Nightmare City (a.k.a. City of the Walking Dead) (a.k.a. Invasión de los zombies atómicos, La) (Incubo sulla città contaminata)",Jeth Guilbert,1993
01JNES7W3QE8DKQSRVMCBKNE6D,Jim Jefferies: Alcoholocaust,Anna-diane Ortler,2018
01JNES7W3Q8BYD8Y8W5A8CS7FB,Dream Lover,Roselle Bachellier,1993
01JNES7W3RCWKET8R3PWAW8NPR,Chappie,Jaquenette Ovesen,2011
01JNES7W3RZJ32W9XAMMCKRKZC,"Wedding Party, The",Joycelin Kilvington,1998
01JNES7W3SHFMK0HCDCDWK5VKD,Food (Jídlo),Marrissa Dohrmann,2000
01JNES7W3SDMZRSWHNZ060VJD6,Arthur and the Revenge of Maltazard (Arthur et la vengeance de Maltazard),Arney Libero,2000
01JNES7W3SNY37T5TH16HBXGC9,Spud,Arney Oda,2000
01JNES7W3T4KC8NVY3NM5YCHM5,Evil Remains (Trespassing),Manuel Parks,1995
01JNES7W3TV3EW7847AZM6Q2C8,Boom!,Katine Lawrenson,2007
01JNES7W3VRCWPH4R9HW7EY55G,Moon,Zebulon MacAlister,2003
01JNES7W3VTV1PTDT8Z9KWB18B,Washington Square,Juana Heater,2000
01JNES7W3W3S8WR2A2ZS8QHW5J,Trouble Man,Leeland Garrison,1992
01JNES7W3WA1WCAYJM2R0RK7B4,Saving Silverman (Evil Woman),Ephrayim Brogden,2000
01JNES7W3XM8WDG8M9MGYCBME4,"Gambler, The",Demeter Desantis,2013
01JNES7W3XTWE55QEVBF8WM4PQ,Jiro Dreams of Sushi,Darn Canavan,2019
01JNES7W3YKTADY25F3TSPZQGA,George Harrison: Living in the Material World,Amanda Laviss,1991
01JNES7W3YTQZ927Y91PTJVHHF,Hustler White,Fernanda Weatherup,2000
01JNES7W3Z6Z4DJWMFBXNTXMW0,"Thief Who Came to Dinner, The",Cullan Oakton,1996
01JNES7W3ZZA3XTDDC7JD90BRK,"Lovers of the Arctic Circle, The (Los Amantes del Círculo Polar)",Reginald Zettler,2025
01JNES7W40KPBS04FGCHZHBHH0,"Bridges of Madison County, The",Vivianna Pringley,1993
01JNES7W40CSM1QZQV52SW4156,"Lawless Heart, The",Katee Bridywater,2022
01JNES7W411Y0FJV9ZYVFR8WY7,Some Guy Who Kills People,Sherill Rosa,1991
01JNES7W41MB6QV9EV3RT4PSRV,Slaughterhouse,Caryn De Goey,2010
01JNES7W42TNJS8QDK8ETWQDM2,BlinkyTM,Melisse Sirmon,2025
01JNES7W43KENKT4WG1VST16FB,Tears of April (Käsky),Rachelle Eddington,2022
01JNES7W44P9T1JJN582SMJ8Y7,Electroma,Stafani Petricek,2001
01JNES7W44JZJ810TK7D1VFTVD,Björk: Volumen,Pedro Weinmann,2006
01JNES7W45S4E372QTDWATH7N8,Alamo Bay,Anselma Llewellen,2001
01JNES7W46J5VYG6YYNHXP53T8,Robin Hood: Prince of Thieves,Doreen Jollye,2008
01JNES7W47KXH0Q0XE12MA1RJC,Another Chance,Floria Crowley,2024
01JNES7W48TFJ5BW38CY9JTCHH,"Offence, The",Agatha McConville,2025
01JNES7W490J85KE0AT83XZDN7,Supercondriaque,Brody Mulhall,2019
01JNES7W493AZ96B7VPAFT6E12,Austin Powers: The Spy Who Shagged Me,Garrot Marriot,2012
01JNES7W4AFN2BPK74D627F7BS,Zoo in Budapest,Lesli Eves,2000
01JNES7W4AH8C17GDPPEVP4WVS,Television Under the Swastika (Das Fernsehen unter dem Hakenkreuz),Bette Boyn,1993
01JNES7W4B7EJKY7GCE5W32ZVV,Jetsons: The Movie,Rudd Letessier,2013
01JNES7W4BD6D94FDJR1HGMSBZ,Pride and Prejudice,Colver Gosalvez,2015
01JNES7W4C3NZD79GDC1C63QJ4,Ike: Countdown to D-Day,Bucky Vondrak,2025
01JNES7W4C9G725DRCCFB3404P,Another Me,Celine Wardrope,2025
01JNES7W4DRWZPQ80Z9P2QAFJ0,"Cars That Ate Paris, The",Dilan Heaffey,1997
01JNES7W4DQYPWHFZ3HHJZGKBZ,Chinese Odyssey 2002 (Tian xia wu shuang),Dane Dibben,2011
01JNES7W4EGZ68A9FQ3R0SGD4H,Pontypool,Reider Braney,2004
01JNES7W4EMPG96E9K6S3Z9E3M,West (Occident),Harrie Brandel,1997
01JNES7W4FWNCQ28PVS2ZJY9W9,Chori Chori Chupke Chupke,Teresa Brideaux,2002
01JNES7W4FKTAE4AB5BAW4RHJK,"Governess, The",Cesaro Wethered,2001
01JNES7W4G9GXZ29YPEBJR683Q,"Wilby Conspiracy, The",Crin Gitsham,1990
01JNES7W4H7A0X3EV4J45A6A2P,Shanghai,Sunshine McCorley,2014
01JNES7W4HPYEVP08Y32NCS002,"Theatre Bizarre, The",Ira Tinto,2005
01JNES7W4JKHRRAQQBGGCBBQ06,A Coming-Out Party,Kinna Durnford,2016
01JNES7W4JHD5SQHSJN6688XAW,Cream Lemon (Kurîmu remon),Kaleb Macrae,2018
01JNES7W4KKH2M0YR88GTH0SP8,If....,Kinnie Stack,1998
01JNES7W4K3G9FCQM76YDRNSC5,Darby's Rangers,Delcina Hurdman,1999
01JNES7W4KSER5FP98WA1NX6XX,Life Partners,Corrie Ballance,2020
01JNES7W4M7DMR4CZQ7PVVXGM7,Capturing the Friedmans,Marmaduke Verheyden,1990
01JNES7W4N0J38NPJ4827V8M7X,Stuart Little,Sanford Jenkyn,2000
01JNES7W4NF0WAVY45PY1G5TN2,Lethal Weapon,Rita Cassels,1995
01JNES7W4N3S75GXHM3EK2VPT5,Lonely Street,Doroteya Barajas,2023
01JNES7W4PCX9RTXA45CM3YX4Y,Public Access,Sandor Woolmington,2007
01JNES7W4P29RAARVR8249CZN1,Bonneville,Brendin Windham,2009
01JNES7W4QWYPAZCA791TWT526,Black Book (Zwartboek),Marcus Fullard,2018
01JNES7W4QV6V9ZYQ1AAS8ZSDF,Breathe In,Abram Goch,2002
01JNES7W4RMVQW5YT9RK0D06QX,Whatever Happened to Aunt Alice?,Delilah Hinrichs,2023
01JNES7W4R6ZX511Q9VCRQK80T,Wet Hot American Summer,Ruthanne Guppie,2004
01JNES7W4SZ28E66Y1P8V80YRG,Zanjeer,Giffard Baptie,2022
01JNES7W4S84TZ14FMFV1EYWR8,"Notti bianche, Le (White Nights)",Raddie Ditchburn,2006
01JNES7W4T4NX1QC8T0AT2Q55P,Goya's Ghosts,Veriee Tocher,2018
01JNES7W4TQQ1G55ZWV2GXYC4Y,Steam of Life (Miesten vuoro),Rivy Stobbie,2005
01JNES7W4V2WNB91XJKC6DEBN6,Beneath,Blake Roullier,2016
01JNES7W4VJ9XGKTZ54VRHYCGE,Sense & Sensibility,Gillan Perritt,2017
01JNES7W4WQ5PTH6ND656DTBT5,"Cranes Are Flying, The (Letyat zhuravli)",Myles Lesaunier,2016
01JNES7W4W05EBHNA38KT1X73Q,Beginning of the End,Gavan Stollwerk,2020
01JNES7W4WM93JJWYFC7DYSN59,"Luna, La",Luce Weafer,2009
01JNES7W4XX9593BWFFBATPPDF,Happy Gilmore,Chadwick Hundal,2018
01JNES7W4XSK6RZYN8BDG5EXMG,"Stars Fell on Henrietta, The",Elvin Baber,2022
01JNES7W4Y6E62JCQE5WPFJCMX,Tuck Everlasting,Yardley Burditt,2014
01JNES7W4YJ854Y18AQQQDA86Q,"Return to Salem's Lot, A",Marysa Dechelette,2007
01JNES7W4YQ12S5NTZQ0GHM9TW,Circus,Wolf Addy,2016
01JNES7W4ZJ9C2EP5JRYE7YD9T,How to Beat the High Cost of Living,Barbara Lighterness,2020
01JNES7W4ZW8M6RKEA2E5G91A8,Three Steps Above Heaven (Tres metros sobre el cielo),Brok Idel,2002
01JNES7W50E7ENGX0B7M081EN2,Studentfesten,Seward Bolitho,2004
01JNES7W502WZG5K8GDZPKRVQT,Anastasia,Billy Brockhouse,2007
01JNES7W516NMAAPTRTQ39F7VR,Alaska,Delano Conville,2009
01JNES7W52DH8R54PMT78RE699,"Autumn Afternoon, An (Sanma no aji)",Egbert Pendry,1995
01JNES7W53F9CRNX1A5F0BKWFV,Inuyasha the Movie: The Castle Beyond the Looking Glass,Corry Wynne,2022
01JNES7W54Y39QGWZWV5EFPFNJ,"Rimini, Rimini: A Year Later",Lorita Aneley,1990
01JNES7W542FFKN3CZVKJDR94D,"Couch Trip, The",Pincus Studdeard,2000
01JNES7W555GNFM4Y370GF2RPY,"Legally Blonde 2: Red, White & Blonde",Evangelina Arnholz,2013
01JNES7W55R6BQYT53BKBQHP6Y,Possession,Robby Haveline,2017
01JNES7W56WG5C7N88W4TMMHB5,Equus,Gabriela Binnell,1998
01JNES7W5644R36J3QR8K1H4F6,Staying Alive,Timmie Cairns,2009
01JNES7W56KK4F5SG272Z1ANC6,Valley of the Dolls,Marni Skym,2009
01JNES7W572ENKRQMG9HAXEKPY,Comedian,Eugene Dommett,1993
01JNES7W57A1WYVFNGHJZ18C33,"Love, etc.",Pansie Vanini,2015
01JNES7W58DHEG8BCAQ2RCD7P8,My Best Friend's Wedding,Finlay De Cruze,2021
01JNES7W58KNNV9VD3WH0W0MCZ,Malta G.C.,Rayna Bunch,2018
01JNES7W592GQWS7P1GX14FR75,"Perfect Man, A",Hill Hellyar,2024
01JNES7W59HM8BKD6679B8D8J5,Undiscovered,Clarita Tschierse,2004
01JNES7W593WK36S9HWYQ70421,"Lizard in a Woman's Skin, A (Lucertola con la pelle di donna, Una)",Katerina Broomfield,2000
01JNES7W5AJTZJXN8V93BAD5DE,Rapture (Arrebato),Lurette Pinkerton,2018
01JNES7W5ABAHZ64P0D8A7Y7CW,Crude,Rosemonde Pencott,2008
01JNES7W5B13YXPK1QXXDZN60A,Won Ton Ton: The Dog Who Saved Hollywood,Giulietta Muffen,2020
01JNES7W5BH1BT5VP297QKTRQF,Article 99,Janel Pacht,1998
01JNES7W5C1EFDC3DJ12VEKSQP,Beyond The Hills,Arlyn MacGuffog,2007
01JNES7W5C429PF1RXRQ6P5EKS,We Need to Talk About Kevin,Vanna Scarasbrick,1993
01JNES7W5C2NXE0G4TKGB01CD4,Mall,Mareah Sorrill,2020
01JNES7W5DGSD0JJFZHGM8DVJM,"Halloween Tree, The",Yanaton Bottinelli,2023
01JNES7W5DD1AXXBADCYD5FMES,Jim Gaffigan: Obsessed,Shermy Helleker,2002
01JNES7W5EK5KFZESG22PXSS5R,Club Fed,Drucy Poppy,2016
01JNES7W5ESGK36QE9KQST62GA,So Much Water,Barnard Dyett,2020
01JNES7W5E9EXAVW66YZ1T2J81,Zus & Zo,Jefferson Sergison,2002
01JNES7W5F7FWF4Z0XDSHS0JQ1,Colourful (Karafuru),Jedd Clew,2013
01JNES7W5F0YZRQ2P73PJ6BC40,Malta G.C.,Marta Fidian,2021
01JNES7W5G67KND1HR5W19GT0Y,"Rudolph, the Red-Nosed Reindeer",Marcille Pember,2014
01JNES7W5GR6HF5QNXYA4VJ1ZN,Ocho apellidos vascos,Floyd Slessar,1997
01JNES7W5GF5CWY7T69N1GAH3P,Chicken Little,Shalom Aylward,2013
01JNES7W5HQ6ENNB50T3QZ1REJ,Diary of a Hitman,Esmeralda Celiz,2004
01JNES7W5HRDGPV00MNHZST5VK,2010: Moby Dick,Freida Blackaller,2014
01JNES7W5JBHJ7C2HNJH6325XA,Sapphire,Merlina Brownhall,2019
01JNES7W5JQ757J3QQTWH75P5V,"Verdict, The",Katerine O'Crigane,2011
01JNES7W5J79TDDCX861ZWYVKH,Perched on a Tree (Sur un arbre perché),Juieta Wesker,2013
01JNES7W5KGKER1DYS5M1JMF73,Beyond a Reasonable Doubt,Daveen Fehner,1999
01JNES7W5KXGV1CEGD87DY8M1G,"Run, Simon, Run",Shayla Shalliker,2021
01JNES7W5MRHQ70KHWFGQ2C04W,Hamlet,Dinnie Camp,1993
01JNES7W5M41ME1QV8TMQHW97C,Catching Hell,Hedwig Hassett,2007
01JNES7W5N5HP6HRCK42J59HS1,There Goes My Baby,Carroll Aucott,2006
01JNES7W5NQMQ5CZM8M4ZTC6Q7,If These Walls Could Talk 2,Cynthy Trimmill,2011
01JNES7W5NK1J6PR28J9E37V2T,Supercop 2 (Project S) (Chao ji ji hua),Corry Jack,1992
01JNES7W5PD33MP910HM9AR6NC,Housekeeping,Isahella Fulloway,1999
01JNES7W5PQ4FWKQMWYG02VCWY,Lady in White (a.k.a. The Mystery of the Lady in White),Georges Kirmond,2017
01JNES7W5Q982BSWB3YAFC5P8Z,Herbie Rides Again,Christean Errett,1997
01JNES7W5QKBNYP5K6PTQCJ1ZX,"Big Bang Theory, The (2007-)",Gilbert Phipp,2011
01JNES7W5RV8G1S4F95V5WQG17,"Mystery of Picasso, The (Le mystère Picasso)",Kathrine Burl,2010
01JNES7W5RHZYG2XTC89SP5VKT,Zu: Warriors from the Magic Mountain (Xin shu shan jian ke),Molly Mattevi,2019
01JNES7W5R11V3PK41C4NN6233,Uncle Sam,Jacobo Melato,2023
01JNES7W5S1AR59E1Q9NB0X5XJ,"Girl in the Café, The",Collen Hedney,1997
01JNES7W5SFDEBFNVWQJ3RJ2HZ,After Midnight,Jeremie Quaintance,2020
01JNES7W5TRY2614T7REMY0CYQ,Country Life,Kerstin Clash,2007
01JNES7W5TC7P7GE4SSM44T6XQ,Bad Ass,Rasia Bonifazio,2020
01JNES7W5TZV9KB0ERBNA2KKEG,Edvard Munch,Zebulon Claisse,2015
01JNES7W5V27DWS4R178QYMYM4,Training Day,Estel Tesdale,2012
01JNES7W5VQ6GR7M5MK24WDJ9B,Heights,Kellen Wiersma,2002
01JNES7W5WCEGE2M42SF751STW,Big Deal on Madonna Street (I Soliti Ignoti),Lee Milkin,2003
01JNES7W5WSJC0SH7MQRTRRTJR,"Dolly Sisters, The",Dacy Bourchier,1990
01JNES7W5WWNTP6RQ47J2700WX,Live and Let Die,Robina Mewton,2012
01JNES7W5XXM1VQ3SS8VRRSTYS,"Signal, The",Jerrylee Coatham,2015
01JNES7W5XGM9B2A32RNP7C0HK,"Spy Who Came in from the Cold, The",Nicolais McKenzie,2005
01JNES7W5YRRZ4B8GXD3BW7RCT,Rock 'n' Roll Nightmare,Kimbell Kenwyn,2021
01JNES7W5Y3BRCYM5MS05TR3YX,"Collector, The",Mathilde Brinklow,2025
01JNES7W5ZVNF1TENSMXA8EGVA,The Inhabited Island 2: Rebellion,Wittie Kesey,1999
01JNES7W5Z49PM2TCNZDGWGDDW,"Black Windmill, The",Wolf Dene,2019
01JNES7W602NQE8WXFYQ1SN7FC,Live Wire,Morissa Manshaw,2001
01JNES7W600AGESGVZRQKN12YX,Welcome to the Roses (Bienvenue chez les Rozes),Nefen Poulton,2024
01JNES7W617JGQA8FGW0SZH192,"Pirate, The",Hyacinthia Murley,2025
01JNES7W61YGGAKABHTEFAMBFY,Gold Diggers of 1937,Shawnee Tregenna,2006
01JNES7W62B2M6Y0QNAM3TCQEB,"Story of Floating Weeds, A (Ukikusa monogatari)",Debee Winship,2017
01JNES7W62DFBF6QFW9XTXCNFX,Crocodile Dundee II,Leupold Drakes,2007
01JNES7W631MVYJWVXGQ9BN1FQ,Amores Perros (Love's a Bitch),Jannel Doorey,2025
01JNES7W63D3P4160M24DKS6D8,"Tale of Princess Kaguya, The (Kaguyahime no monogatari)",Dewitt Gothliff,2014
01JNES7W6H7Q7Z4DHWQ9BHZ78D,Patrice O'Neal: Elephant in the Room,Mariellen Michal,2022
01JNES7W6JBXTB3AJYBQP7X6Y5,Children of the Living Dead,Ronnie Mallender,2006
01JNES7W6J7QACGM2BEFSVNXC8,Twelve Angry Men,Wylie Daniells,2009
01JNES7W6K4G6VAG7SG3A4A8DZ,Things Are Tough All Over,Yvonne O'Finan,1990
01JNES7W6K5PHMZETM9CKC793A,Reconstituirea (Reconstruction),Louise Siddle,2021
01JNES7W6MXHQZ2HDPARN8SRHE,Live Free or Die,Misty Gantley,2008
01JNES7W6M54Y4CP828QXVRB6J,"Preacher's Wife, The",Doy Kiellor,1994
01JNES7W6N0AN3SGMW4ZHWX4QG,"Guilt Trip, The",Myrilla Fitzroy,1996
01JNES7W6N0MP2TESTHCVZ1NE5,88 Minutes,Alexine Wilkes,1998
01JNES7W6PV76NWWWA2SVFNSMX,Dead Weekend,Noni Helversen,2006
01JNES7W6P3519ZBJ5D8JX6F3V,Gabbeh,Darcey Lobell,2015
01JNES7W6QHEEHKWHD6C30EV13,"Women, The",Lauretta Gobbet,1998
01JNES7W6QBMPMP558AH8NBY0X,Penguins of Madagascar,Elonore Parker,2015
01JNES7W6RC699Y0YSYEX2EBQ5,"Assassination of Jesse James by the Coward Robert Ford, The",Marinna Kunkler,2006
01JNES7W6R8CXCD77PBK3C1SJF,Skeleton Man,Jandy Linskill,1994
01JNES7W6SQ5G4M4XKTEZ67093,Jay and Silent Bob Strike Back,Winny Clayson,1994
01JNES7W6SSE4C024P3JNJCSJ1,Flakes,Hughie Haffenden,2006
01JNES7W6TZJAPF2X0A7QYPQEG,Gettysburg,Waylon Measor,1998
01JNES7W6TE4XP6DMZYGQKA3AF,Fury,Zonda Cranstone,1995
01JNES7W6V3QR57DDN6953R951,Day and Night (Dag och natt),Reinwald Hanaford,2023
01JNES7W6VD22ZYP7PCTGXGH4N,Stonewall Uprising,Malorie Honeywood,2015
01JNES7W6V8CET3D8TQJ0Q36TK,Busting,Wallie Hymus,2017
01JNES7W6WADK6SASWP7DB7MDZ,200 M.P.H.,Derick Keady,1994
01JNES7W6WDWB6BH2RMGT38ZNS,"Pursuit of D.B. Cooper, The (a.k.a. Pursuit)",Dare Macias,2011
01JNES7W6X58F3PH3MYNHHM8CR,Hostage,Herc Legon,2013
01JNES7W6XHK34NC2GZK8F29G5,Kiss Them for Me,Kristy Abrahamian,2021
01JNES7W6YR3VD6EFPJ14NJJSE,Timerider: The Adventure of Lyle Swann,Karena Brabbins,2025
01JNES7W6Z4A0Z0R85BY1KVNZV,Gloria,Sande Jozef,1995
01JNES7W6Z655JFJGEEGQ744XT,Eight Legged Freaks,Sianna Gration,1994
01JNES7W70SYB9Q3XW7HCE5TZA,Lumiere and Company (Lumière et compagnie),Bobbette Impleton,1996
01JNES7W70PRXJKNZMKTA8REAH,Moonrise,Freddie Greasley,2002
01JNES7W71WPBMZSF21XWN59FG,Neighbors,Hinda Rolfi,2020
01JNES7W71D9X9P3AGCWYAHNP0,The Learning Tree,Aila Derye-Barrett,2008
01JNES7W72F2YXXE4VEWGP9QXS,"Sorry, Haters",Cherye Grzes,2013
01JNES7W7281K3KV5FR59V438S,"Forest for the Trees, The (Der Wald vor lauter Bäumen)",Donalt Maber,2003
01JNES7W73RYMYF8SZXEXCQKM3,"Playboys, The",Franklyn Denerley,2020
01JNES7W73MHXGGQ964W37ANW3,Safe Conduct (Laissez-Passer),Roland Boulsher,2006
01JNES7W74ACS5Q6EPGDJM9N23,American Psycho II: All American Girl,Barron Dodle,2008
01JNES7W74FH1WV5SD54N3ZXV8,"Mummy: Tomb of the Dragon Emperor, The",Lin Klehyn,2015
01JNES7W75B2SED36A5D5G81DS,Terms of Endearment,Gayle De Mitris,2014
01JNES7W7587B9WPXCXD3K20FF,"Personal Journey with Martin Scorsese Through American Movies, A",Marleah Curdell,2017
01JNES7W76SETAJTVZZ1JTGRZC,"Trials of Oscar Wilde, The",Matthiew Everingham,2020
01JNES7W760322MEFFD2VR8CJD,Heaven Can Wait,Sven Thom,2016
01JNES7W77PWV20TEJAHC6ZZ0K,House of Wax,Fina Fuggles,2013
01JNES7W772654MB5AJC5B9V8G,"Man Who Laughs, The",Juana Serjeant,2010
01JNES7W78Z0V2ZJX512NN7PG5,Personal Effects,Athene Alu,1996
01JNES7W79FMPZNWHGN5YBNXV9,Lord of the Flies,Carrissa Griffitt,2009
01JNES7W797S3QYXX3BF2ENQCF,Nanayo (Nanayomachi),Dawn McMaster,2023
01JNES7W7AY6W5DG1HKRT24ZFH,Othello,Chelsie Bodicum,2010
01JNES7W7A4QV6FSCZGEVEXM84,Zatoichi and the Fugitives (Zatôichi hatashi-jô) (Zatôichi 18),Fergus Wiltshaw,2001
01JNES7W7B4RWWDMATH2CYK74M,Saturday the 14th,Vaughan Barstock,1993
01JNES7W7BGPVQKNQCSTP1M7PP,"Married Couple, A",Roxine Bier,2014
01JNES7W7CYW1RAX6NT63YD1D3,Liar Liar,Erasmus Bowdery,2000
01JNES7W7CAXJVW4Y3HBEY53KS,Chastity Bites,Mary Giacobilio,2003
01JNES7W7D45CJH7NRMYGNPWBG,"I, Robot",Leoline Willgoose,2001
01JNES7W7DQWHCDQJ03PXEW3HK,Bandits (Bandidos),Megen Martinuzzi,2016
01JNES7W7ET68631WS1C6ASSGC,Love Lasts Three Years (L'amour dure trois ans),Parke Finan,2001
01JNES7W7EY5JFEGMRK6ENCH2S,"Navigator, The",Carlye Thwaite,2004
01JNES7W7FG87M71E8Q6QJ6GFJ,"Getting Go, the Go Doc Project",Ali Ainsby,1998
01JNES7W7FZ31JE5GHJ1CX3HGB,42nd Street,Sarina MacPaden,1992
01JNES7W7GBM3ZXAY23PHZ48ER,Courier,Carri Stavers,2002
01JNES7W7GE9TDMYSVNP9W2DYS,Gappa: The Triphibian Monsters (AKA Monster from a Prehistoric Planet) (Daikyojû Gappa),Cobb Frawley,2007
01JNES7W7HT4SNZ9T9N2S2WSN7,"Little Drummer Boy, The",Cherice Truran,1996
01JNES7W7H0N5A867EGJ2EJ5GJ,Lemmy,Jack Opdenort,1996
01JNES7W7J6F6DVTAK6Q17TMRS,"Monster X Strikes Back: Attack the G8 Summit, The (Girara no gyakushû: Tôya-ko Samitto kikiippatsu)",Felicdad Mulvy,2000
01JNES7W7J7AN1GC36QH3WZB9R,Madonna: Truth or Dare,Lion Randalston,2016
01JNES7W7KG761TV4NXVRZERBS,"Flintstones in Viva Rock Vegas, The",Franny Parnell,1992
01JNES7W7KVYG6DZ6VCKTYHP6J,Bizarre,Damaris Kember,2024
01JNES7W7M5GGGHJF61YB6JCNY,Sune på bilsemester,Mallorie Hebblewhite,1990
01JNES7W7M01NND9QJ1YKSVESA,Masquerade,Annelise Sharphurst,1998
01JNES7W7N124ETEH9TR9DXKM0,Little Darlings,Shurlocke Pierson,1996
01JNES7W7NG4268NGM4DSJTAMH,Helter Skelter,Alonso Heningham,1999
01JNES7W7P6S8EEAJ1ZNZV0GBE,Isadora,Vernen Roughsedge,2015
01JNES7W7PAN413PPYFYJ5J3J4,Tie Me Up! Tie Me Down! (¡Átame!),Ardenia Janacek,2014
01JNES7W7P26QFDBZ73PD521AT,Marked Woman,Hinda Pert,1993
01JNES7W7Q7516Z0RC1PPYWF47,Belly 2: Millionaire Boyz Club,Cathyleen Prestedge,2006
01JNES7W7QSJ7MGHGYQWJ36MXW,Alcan Highway (Alaska Highway),Hollis Lightwood,2003
01JNES7W7RC2Y9JQ6QSN2JHT6J,Bitter Sugar (Azúcar amarga),Bathsheba Jeannenet,2012
01JNES7W7RJ4KDHW1N0AQWM499,Shadowlands,Lavinie Wratten,2012
01JNES7W7SMR9N8QA3698C99GQ,Life is a Miracle (Zivot je cudo),Jill Attock,2013
01JNES7W7TEXCCRZVM7BXA4CFY,The Divine Woman,Joshuah Fidler,2009
01JNES7W7VPJM5A1M51F6Z1KXE,"Guy Thing, A",Renate Bramall,1995
01JNES7W7WMGBX1YEZBP9WGQN7,Alpha and Omega 2: A Howl-iday Adventure (Alpha & Omega 2),Kaitlynn Burth,2016
01JNES7W7WX6Y2DAYDDV8JZTBX,This Must Be the Place,Winn Jerromes,2006
01JNES7W7XVZ2WQY3AZPCSM836,"Day the Earth Stood Still, The",Trumaine Bragge,1997
01JNES7W7X1AQZQGF1A6AD3NXF,"Siffleurs, Les (Viheltäjät)",Owen Boote,2018
01JNES7W7Y94MH85VSHAEZPD7P,Uncertainty,Chane Maypother,2015
01JNES7W7YTR42MW45PE40GSV9,Time Tracers,Dunstan Kyndred,2002
01JNES7W7ZSN0W2KNN6M56ZZFZ,Chicago 10,Antonie Morsey,2022
01JNES7W7ZAJ3G6T2QA4Q9SH26,"Modern Affair, A",Wain Jamot,1992
01JNES7W80R99Q9BFWFEF73VN7,Bait,Nelle Abelson,1997
01JNES7W80DB0P0PFGTFSNER4X,Black River (Kuroi kawa),Clark Robson,1990
01JNES7W804G766QH0896B3PDT,Where in the World Is Osama Bin Laden?,Pen Balthasar,1996
01JNES7W81Q06996Z1T43VQMGW,"League of Gentlemen, The",Joli Nelhams,1995
01JNES7W81EDKBH0CEA9MMZ99F,Griffin & Phoenix,Dulcine Boog,1998
01JNES7W82XYAJC6VNWY9180W8,First Name: Carmen (Prénom Carmen),Broderic Dahlman,2012
01JNES7W823F4J2Y6ZEHXHC1FS,"Battle of amfAR, The",Christine Sibley,2021
01JNES7W83C40GABSRFRXPB0EH,It Should Happen to You,Clarie Lorroway,1998
01JNES7W83HZ03WVZ4AW5WTCNT,"Hireling, The",Inessa Gavaghan,1990
01JNES7W84BCXRC8P549Z1BW87,Young Aphrodites (Mikres Afrodites),Kleon Anyon,2008
01JNES7W84BTCSQG31HDREW0QJ,Samurai (Samourais),Elisha Boothroyd,2019
01JNES7W85S1VMK1K4ZMRB88NP,Mighty Peking Man (a.k.a. Goliathon) (Xing xing wang),Elnora Menier,2012
01JNES7W86WT6SJ0NT8AC53H8Q,The Man From The Alamo,Sherm Robertis,2010
01JNES7W86EF1GN8H70DAFPYY5,"Human Tornado, The",Britt Chansonne,2013
01JNES7W87ZJK2C8RH1G6YK6K2,Ruhr,Sonny Styche,2012
01JNES7W875D3WJRHZN6G39ABV,"Quest, The",Orville Dunckley,1999
01JNES7W882399MG4PDFYRKK8N,"Duchess of Langeais, The (a.k.a. Don't Touch the Axe) (Ne touchez pas la hache)",Shermy de Werk,1995
01JNES7W883GAB9V7YE4DD9F2P,Mount St. Elias,Monro Lote,1996
01JNES7W89GTKWA6SFH3GQ256C,Nobody,Hart Atlee,2004
01JNES7W8A2A26WFRDA6NVYSTH,Little Voice,Ruthann Lazare,2000
01JNES7W8B0H7PAG97CJXEFMJ0,Dial 1119,Shandy Pendre,2018
01JNES7W8C8FDZRE1GV8SEESH7,Crockdale,Daryn Griffithe,1998
01JNES7W8CZ9322VBFFA3QBVSC,Edge of Tomorrow,Ferguson Robertson,2018
01JNES7W8DDWGMD16EB0Y4EDY5,In Their Skin,Neale Gibbons,2021
01JNES7W8D6EQ9PSDYJZNWGS5K,The Interview,Darrel Stolting,2018
01JNES7W8EPX16BXN07R2W5Y2C,Reconstruction,Glen McDermott,1994
01JNES7W8EGDTHBZ5SPEAY2858,Cabin in the Sky,Colman Gieraths,1992
01JNES7W8FY14S4DV7QQM1P8S8,Off the Map,Noland Marushak,2025
01JNES7W8FKW3R7TGFHPED1SPT,Land,Vasili Coggles,2022
01JNES7W8GJGXJ34YMZ4CBPVDP,Vampire in Brooklyn,Fraser Kahler,2024
01JNES7W8G7WYWRTXGBQFEFKZ2,Max Keeble's Big Move,Jonas Molineux,1996
01JNES7W8HRPRZB0C4DQZZ65BV,Blackadder Back & Forth,Colline Wimsett,1999
01JNES7W8HXJ2DG90FD6ZVZBNN,Matewan,Cecil Waddell,2004
01JNES7W8JHMZ8BSP4R3GYBCCK,"Christmas Toy, The",Karna Wycliff,2022
01JNES7W8JD220XRNM7CVJY9BR,Girl 6,Cord Hasely,1993
01JNES7W8K3AQM1SW9N1J7AMNB,"Nada Gang, The (Nada)",Rafael Macvey,2004
01JNES7W8K4VWMX3FQ10Z8BH3S,Scream of Stone (Cerro Torre: Schrei aus Stein),Dino Filchagin,1995
01JNES7W8MM6ND6ET28BA61V37,Eva,Avictor Mogg,2008
01JNES7W8MFDP7XFQQ83502FFP,Magic Trip,Andreana Gaywood,2017
01JNES7W8N7S2GKYWW6639R3GC,"Man from Nowhere, The (Ajeossi)",Silvie Lawlance,2025
01JNES7W8NMCP8DJZCTKGHD5T5,Mr. & Mrs. Smith,Sena Sunnex,1994
01JNES7W8P3RJXGV6FYEW49B8H,I Spit on Your Grave (Day of the Woman),Berenice Lashford,1992
01JNES7W8P4CM5T9BZBC07FA3E,Utopia,Louella Chalcraft,2001
01JNES7W8Q0TFCK6TDXNGREJ07,"Servant, The",Elihu Stubbings,1994
01JNES7W8QHCZQP4MGYH2EH72V,Tromeo and Juliet,Janek Braunter,2013
01JNES7W8RKCG0WV7FXC1Z8RGQ,Surviving Christmas,Mercie Bascombe,1997
01JNES7W8R8A2CCXG07BQ6K50Y,Seven Days in Utopia,Sammy Howlett,2022
01JNES7W8S5V1NCSNMZWD8PYQ8,Luna Papa,Maiga Tomaini,2001
01JNES7W8SSKMYP7S3GARZAWXC,Eddie Murphy Raw,Joletta Gotmann,2013
01JNES7W8TDVRWZK7M3FSAJDX1,Ask the Dust,Alix Hutchinson,1992
01JNES7W8VTEGK42MTPKHYZ834,Palindromes,Werner McArthur,2023
01JNES7W8WXKYK4MV793M3SEY6,"Taira Clan Saga, The (Shin heike monogatari)",Zonda Erickssen,1999
01JNES7W8XG7MNYTNE36S8S8C2,Bob Saget: That Ain't Right,Augusto Iddons,2014
01JNES7W8XKMYDZ6HN18M1HPHC,Phineas and Ferb the Movie: Across the 2nd Dimension,Clayton Griffin,2005
01JNES7W8YFNAKSY1PFZ9BGJGT,Sky Fighters (Les Chevaliers Du Ciel),Tabor Dzeniskevich,2005
01JNES7W8YVZ4RA930A9MHT34F,Winnebago Man,Alfons Cuxson,2011
01JNES7W8ZEEJV4F4M59G2W95Y,Dear Me,Daffi Diament,2024
01JNES7W8Z4RHXB3AGGKSB0XDN,Cirque du Soleil: Dralion,Viviana Roskelly,2014
01JNES7W90H42EFS7H98Q60AD0,"Goodbye Bafana (Color of Freedom, The)",Devora Woolway,1999
01JNES7W90J6NX1SWGAWKEVJGM,Naked in New York,Jermaine Bennie,1999
01JNES7W911Z9FZ6FA999GG5ES,Brand Upon the Brain!,Lionello Fossey,2023
01JNES7W91XRBCWMPCH8NPH1D9,Slow Southern Steel,Remy Soff,2011
01JNES7W92BG81PFDBD8KK1947,Forever Yours (Ikuisesti sinun),Patrizia Fumagallo,1997
01JNES7W92REX7FGS7AZ4H5E1W,"Therese Raquin (a.k.a. Adultress, The)",Zelig Schwanden,2004
01JNES7W933VPZEP31YGS2ST2B,"Rose, The",Debera Pellatt,2000
01JNES7W93AYZNN1R79FB072NN,Dead Heat on a Merry-Go-Round,Ted Mardle,1993
01JNES7W94BEK90V0D2ES5P42E,Happy New Year (La Bonne Année),Raquel De L'Isle,1996
01JNES7W94ZZ3WBKQKWMK672M5,Mantrap,Reagen Scurr,2008
01JNES7W95S2CKYKD8F397HQ0Y,"Ball, The (Le bal)",Brad Aleksidze,2011
01JNES7W95SE317RPG6WG7VMG6,Bloodlust: Subspecies III,Jodi Tompkiss,1996
01JNES7W96BG8TFDEZN8S8645G,Spanish Fly,Martie Senner,2017
01JNES7W96B9KH6P0Y926F16TN,"Three Stooges, The",Kath Gunstone,2010
01JNES7W97JTP85Q2JHM907Q54,Human Planet,Shawna Grindall,2008
01JNES7W977W0ZK5MJAGEH3K4X,Carolina Moon,Corny Dowding,1996
01JNES7W9786VHAK5QEJPH6D7N,They Came to Cordura,Estel Yeaman,2022
01JNES7W982GYAYG4D5Z7R458M,"Summer by the River, A (Kuningasjätkä)",Bernard Ciccotti,2016
01JNES7W98TV0MGE8466ZG4W9Y,Dragon: The Bruce Lee Story,Terrel Cowope,2003
01JNES7W995MFBFT1XBQ5G3PHK,Always Outnumbered,Star Van der Spohr,2003
01JNES7W99HTADZA9FP2QJCZV6,Abraham's Valley (Vale Abraão),Gaylord Kail,2005
01JNES7W9A0C4J9EV52R1CM9EC,Babyfever,Merline Kobierra,2024
01JNES7W9A8J6VM12WXD8T3AQM,"Sergeant, The",Ibrahim Nutkins,2015
01JNES7W9BNEY5CZNSQ5WH7TA1,Trilogy: The Weeping Meadow (Trilogia: To livadi pou dakryzei),Hubert Muston,2019
01JNES7W9BPJW1MZZT6NK6TJY1,"Sheepman, The",Crin Dilston,2013
01JNES7W9CJ7EMTWMZP4JSH43D,88 Minutes,Francisco Pauer,1990
01JNES7W9CZS01Z8ZKHDDDK21S,X-Men,Corbet Victory,1999
01JNES7W9D5RH17NE8Y8KTVFZ0,Alive,Jarid Duxbury,2022
01JNES7W9DM7FZYPP9V1NWY9VG,Social Genocide (Memoria del saqueo),Munmro Barrand,1998
01JNES7W9EJ036CR26DCPKG979,North Star (a.k.a. Tashunga),Ogdan Philippard,1990
01JNES7W9E8EKDNXQ9JS0QP4VV,I Married a Monster from Outer Space,Bibi Zima,2020
01JNES7W9FE7626QQH7239JKN0,"300 Spartans, The",Manon Caff,2014
01JNES7W9FETSP78N4JP8EV1WS,Che: Part One,Marlie McCullock,1999
01JNES7W9G2MQDFCD3SX9EBEJV,"Godzilla, King of the Monsters! (Kaijû-ô Gojira)",Tyler Conisbee,2022
01JNES7W9GRJX22DSA5DZPVH5P,Love Life,Adler Petrushanko,2015
01JNES7W9HVWMAZVWM34P0RE0W,Dadetown,Leupold Wannes,2000
01JNES7W9HGD01MWDCY2KP3Z4F,Jamesy Boy,Erv Garside,1994
01JNES7W9J7KRJCZ2H8RKF40VS,Law Abiding Citizen,Hamel Bothram,1990
01JNES7W9J9YHDHZ26D3DPKP8D,Iron Jawed Angels,Nedi Dragonette,2022
01JNES7W9KVD4S47QZXTFQ8X91,In a Dark Place,Tyrone Blakeborough,2010
01JNES7W9KA8C32CA5AVT4JZ7Q,DOA: Dead or Alive,Antonio Sharpley,2014
01JNES7W9MFRN56N4SRDE9MAJF,"Coast Guard, The (Hae anseon)",Mollie Sackler,2001
01JNES7W9MDMRS4QFY7CTW5ZBR,Control Room,Wilhelm Higgoe,2000
01JNES7W9N106J0THRYT6H2AKK,Headshot,Querida Wildman,1997
01JNES7W9N3YZG78PFJY6MA4SK,Never Again,Eldridge Tommaseo,2021
01JNES7W9PJBNZ8YPKYND02J2J,"Small Back Room, The",Hugibert Menlow,2000
01JNES7W9PNVQMY1FWAEQGBAZZ,"Gay Deceivers, The",Bethina Ricards,2014
01JNES7W9PACH56EJQVBZ987BH,Cecil B. DeMented,Sherie Bitcheno,1999
01JNES7W9QYS8HB1NM4X2N98Y7,Monster in the Closet,Wendie Pree,2001
01JNES7W9Q9DM3QJ4HR4NMWTPE,In This Our Life,Corbie Date,1990
01JNES7W9RGEXSC06QJTV5Y97A,Scooby-Doo! Camp Scare,Cullin Romera,2015
01JNES7W9R6ZPSVW4WXMCJ1MB7,Pretty Devils,Danie Lantiffe,2017
01JNES7W9SSWY89G9R7VX9EFY7,Forgetting the Girl,Leone Cawcutt,2003
01JNES7W9S3BGWGHT7C6B8HQ07,Nicholas Nickleby,Inger Spoor,1990
01JNES7W9TXPS4W3JD95XGNT2Z,Four Stories of St. Julian ,Meaghan Forsbey,2016
01JNES7W9T48AH497YXJGSDNK1,Artists and Models,Cristin Screaton,2004
01JNES7W9VRYC5P842KNHTBKCW,Call Me Bwana,Adriana Outibridge,2004
01JNES7W9VKXY3QY02B7DB9JXX,"Ambulance, The",Timothy Denkin,2015
01JNES7W9WV9A6A4KNXTQ31WRY,Pepe,Karisa Matkin,2004
01JNES7W9WQKBM2F3E2D4GFBSF,Three Men and a Cradle (3 hommes et un couffin),Yardley Gostall,1992
01JNES7W9X4WQR9FJV4PVFJ2AW,Our Mother's House,Darrell Ashborn,1999
01JNES7W9X0FN644T8WTNZXVBF,"Basketball Diaries, The",Pate Salan,2018
01JNES7W9Y47CK087XA9WM576G,Sgt. Kabukiman N.Y.P.D.,Killian Gingell,2014
01JNES7W9YK9XRKT0C6DV8Q4PH,"Man You Had in Mind, The",Brietta Wingfield,2008
01JNES7W9Z49FKJTG6Q2HMDTB5,"Man in the Iron Mask, The",Helge Shillinglaw,1992
01JNES7W9ZDRY0W15SGBZPJZZC,Prodigal Sons,Cacilia Tallowin,2014
01JNES7WA0Y6VKT41Z9AXD7Y0S,"Story of Vernon and Irene Castle, The",Beatrisa Ashbey,2017
01JNES7WA0ZBXSC3PWKYZNFX9P,Wyoming Renegades,Haze Elverston,2013
01JNES7WA10JB8GSWMQP69FBH6,My Best Enemy (Mi mejor enemigo),Homere Vassman,1994
01JNES7WA14GYAARCRTBHYZA09,Alien Space Avenger,Gwenette Slatford,2013
01JNES7WA2M2BMEK4YCTGZ9DFP,Entertaining Angels: The Dorothy Day Story,Marshal Sailor,2014
01JNES7WA2FR4SJSJ16NHBVSGQ,There Was a Father (Chichi ariki),Krishna Claessens,2000
01JNES7WA3GMVC7R6K00FNE09X,"No God, No Master",Serge Pond-Jones,2008
01JNES7WA377WGQQXCVJVP856K,"Last Picture Show, The",Agna Pharro,2018
01JNES7WA40Z5G5HZ742N1ZXST,"Squaw Man, The",Ethelred Smye,1999
01JNES7WA45FP4XF2Y6YE858C2,Shadows and Fog,Jerri De Hoogh,2015
01JNES7WA5EMC4QF71ZWD77ZFJ,"Amityville Horror, The",Adina McGlue,2001
01JNES7WA5Q541V2BV13RGQ731,"Party, The (Boum, La)",Aundrea Pallent,2021
01JNES7WA61KPA6NKJGCMKH218,The Raid: Redemption,Lion Seawright,1990
01JNES7WA609D8PT97Z95HZZ1T,Red's Dream,Laurie Ives,2016
01JNES7WA73H2MMSS5KVGMYFB3,Trouble with the Curve,Cirstoforo Brockett,1992
01JNES7WA7SEEX9C88YZWC0GZX,"Sorcerer and the White Snake, The (Bai she chuan shuo)",Jeralee Scrivens,2023
01JNES7WA8PA1W3G9WNFP0CV05,"Desert Trail, The",Dixie Sperwell,2008
01JNES7WA8FQNW326VF8FT1VPN,"Love, Wedding, Marriage",Bat Hardi,1993
01JNES7WA918EVRTNH8R8F4CP2,Swept from the Sea,Zebedee Giraudat,1996
01JNES7WA9CN08RMHZVT60GGRV,If Lucy Fell,Maurits Vanelli,2020
01JNES7WAAFHS9WMXMA08QSYY3,For Heaven's Sake,Quinlan Kytley,1996
01JNES7WAA0E7WRX3S37RGR7N1,Woman Thou Art Loosed,Justin Goodbar,2021
01JNES7WAB9VZG90ZSZD53FCCQ,"Aviator's Wife, The (La femme de l'aviateur)",Lesley Leinweber,1991
01JNES7WAB5MSQ4S2ZAAB55GK8,Toto le héros,Urbanus Backshall,1995
01JNES7WACSBZGQ87M7JDRV1PR,Dead Awake,Ricky Howsan,2008
01JNES7WACXWW2HZQAKG4DG3WJ,Rugrats Go Wild!,Anatola Warland,2019
01JNES7WADBVV1Y7ZQK35SK1TV,Savages,Danny Devey,2021
01JNES7WAEXGHBDA3S0A7SDNB1,Memoirs of an Invisible Man,Inez Shropsheir,2016
01JNES7WAEJ9HWWWGAZQSX8BAR,Rally On! (Ralliraita),Missie Marvel,2022
01JNES7WAEJVQ4MF4EMHHFX0RR,King Ralph,Drusilla Sandham,2018
01JNES7WAF5Y7A40GQE3RHA1Q4,Body of Evidence,Lindi Hlavac,2008
01JNES7WAF6E1HEKD0SPWD4KHA,Godspeed,Fidelia Burnyeat,1996
01JNES7WAG8J348B1NDZQVBCSC,It Might Get Loud,Ania Mowday,1998
01JNES7WAG71ZKHZF9D64YJQJG,Mayor of the Sunset Strip,Gisella Coult,2003
01JNES7WAH96WBXPKF8DPBFD75,"Ewok Adventure, The (a.k.a. Caravan of Courage: An Ewok Adventure)",Woodie Holdron,2020
01JNES7WAHW0GZYEC2MWPFANE6,"Life of Emile Zola, The",Hannah McCathy,1990
01JNES7WAJ6M984D61VS5GVJAS,"Beast at Bay, A",Rozalie Van der Daal,2002
01JNES7WAJCC9EZDV1Y148E4G6,How to Succeed in Business Without Really Trying,Avigdor Tesauro,1990
01JNES7WAKEBKK5XM5W6VBNSXA,"Bat People, The",Joyan Diegan,2024
01JNES7WAK77S2W3RC0NNV7XKM,When the Game Stands Tall,Lazare Nash,1990
01JNES7WAMHQHM1CBP5MS5KV26,Sahara,Conni Kinnock,2003
01JNES7WAM1Q0B8N36W5CXEDQ2,Personal Property,Carly Muckian,2008
01JNES7WAMKQ137DQ4QM4HCT5C,Wind Chill,Madalyn Gaisford,1997
01JNES7WANJJT6J8T4D7Q2ZA7G,Two Night Stand,Patrizius Giamo,2018
01JNES7WANSC03BDK8GE6GJ3SB,1,Valerie Vondrasek,2020
01JNES7WAPFHRVWK2XN2BRZTC6,"6th Day, The",Betteann Corpe,2013
01JNES7WAPG4GKZCDQST7BEH55,"Ghost and Mr. Chicken, The",Jock McCalister,2024
01JNES7WAQKS8HK8AXVRTK83BP,American Winter,Ringo Lambertz,2023
01JNES7WAQ9J1CDPKMN33KHK2Q,"Man Who Saves the World, The (Dünyayi Kurtaran Adam)",Hersch Dionisetti,2017
01JNES7WARZ0C83GD0BFKSWJYR,Aquamarine,Arline Edmonstone,2015
01JNES7WAR7REYM88SXDGGF32X,Tales from Earthsea (Gedo Senki),Zorine Thor,1995
01JNES7WAS58J78VD0WGBNZF3W,Deadly Circuit (Mortelle randonnée),Nikki Jindrich,2008
01JNES7WASF0PXDJR0B9KMW9AJ,Four Sons,Lauren Canty,2006
01JNES7WAT3TPPX1V8BRR6B1PN,The Golden Eye,Julee Boorne,2010
01JNES7WATWP7BTQBG20E0PJNW,Jesus' Son,Janot Farnan,1995
01JNES7WAVR0XZV83B22KP839V,Final Destination 2,Marietta Whistlecraft,2022
01JNES7WAV3E958KPFZ062WZK3,That's What I Am,Maisey Varga,2023
01JNES7WAV1PQGQCYX1PQNYJAS,588 Rue Paradis (Mother),Robbyn Glanville,2012
01JNES7WAW4ZJMSC56QHANBMJF,The Mummy's Shroud,Jyoti Union,2016
01JNES7WAX92AHGS01RYR41VGF,Millennium Actress (Sennen joyû),Katherina Gurnett,2005
01JNES7WAXYCD9PWEEMFX27JE3,Hearts and Minds,Barbabas Levin,1995
01JNES7WAX12C5CFCV7RJGFX9M,Brother,Rory Verey,1999
01JNES7WAYGN9ADTPX4HWQ4BKF,The D.I.,Morgen Masser,1992
01JNES7WAYXN65AEESYX2NGV7A,Murder at the Gallop,Deane Mc Curlye,2015
01JNES7WAZFNV12WRM2FWF7SZQ,Heroic Cops (Jing wang shuang xiong),Lula Sevitt,2016
01JNES7WAZSEFMTETKDKWMRQ23,"Perils of Pauline, The",Blondelle Semeradova,2003
01JNES7WB02V2FE64KZ9KNZ40R,"Unbelievers, The",Davie Ruston,2013
01JNES7WB0C6CPDVB4WR2WGC4W,Beijing Bicycle (Shiqi sui de dan che),Marla Mangeot,1998
01JNES7WB1S922HJSGH8PDX1B3,11-11-11 (11-11-11: The Prophecy),Rodger Rycroft,2019
01JNES7WB13KJ31CFFK92X9VZX,Dragon Seed,Doyle Delgadillo,2003
01JNES7WB2TSCYRHM66CP9F1G6,Edvard Munch,Carlene Roche,2014
01JNES7WB2CHSW0SMQSW9QQA05,Forest of Bliss,Ringo Gossage,1991
01JNES7WB3MBNHES169BSF376S,I giorni contati,Doyle Carmody,2005
01JNES7WB3T61XA0M3V07D1VV1,Robot Carnival (Roboto kânibauru),Katharine O'Hearn,2000
01JNES7WB31X9GZWDDE2V99VN7,"Falcon and the Snowman, The",Nanette Kharchinski,2002
01JNES7WB479WPSN4X2XEY3J06,"Kidnapping, Caucasian Style (Kavkazskaya plennitsa)",Freddie Yurygyn,2000
01JNES7WB4Y8MJT28ENZCC5PMA,"Marine Story, A",Bastian Sketh,2004
01JNES7WB5XZTVJWHWY9DASMAP,American Boy: A Profile of: Steven Prince,Griffith Parmenter,2019
01JNES7WB5GKPJ644GZF4YZP80,Grill Point (Halbe Treppe),Peadar Vowels,1995
01JNES7WB67CW45WG5RERVSX9Z,"Mack, The",Audy Lowdham,2012
01JNES7WB62Y5JN1P8W80ATX7B,Vertigo,Gussi Henniger,2000
01JNES7WB7KSGW3SRG9W2GBWS4,"Wildcat, The (Die Bergkatze)",Sibbie Wiggington,2021
01JNES7WB73TRP9G5Q3BFXYQX7,"Newton Boys, The",Marv Kolushev,2022
01JNES7WB8Q2HXY4QGVG9X0JMA,"Nightmare on Elm Street, A",Orion Buffin,2021
01JNES7WB8WGP6Y7756V3WSAZ7,Cat People,Franky Nutt,2000
01JNES7WB90TZ7V6NTD2W6NR75,Take This Waltz,Robinett Whittles,2020
01JNES7WB9Y9Q4WVHCVJEXNRJA,Broadway Melody of 1938,Jere Bold,1996
01JNES7WB9055A6Y4FBVVQ9EB2,"Tale of Zatoichi Continues, The (Zoku Zatôichi monogatari) (Zatôichi 2)",Margarete Follin,2002
01JNES7WBAM4R70G4XNTQQJA4K,Herb & Dorothy,Alta Willmore,1991
01JNES7WBAFY0BPWZ72F9979Z0,"Afternoon of a Torturer, The (Dupa-amiaza unui tortionar)",Tonnie Whardley,2009
01JNES7WBBT98490P2SK79EGSP,"Rainmaker, The",Clive Rawll,2023
01JNES7WBB9WRQS5NR1V4WWMFR,Fierce People,Nicolais Rennles,2024
01JNES7WBC5HP0RB2Q8T2N5VS9,My Foolish Heart,Darlene Todarello,1999
01JNES7WBCMYNPEFMVSC3NZN2T,Luna de Avellaneda,Bret Foxten,1996
01JNES7WBDN8QH5VWSQJCSB81X,Belarmino,Nomi Elsmore,2009
01JNES7WBDYBX7PKXTT26AZ8CN,Bizarre,Merrili Bragginton,2024
01JNES7WBEJHZF1HB6A7SGN25A,Flannel Pajamas,Leeann Rust,2019
01JNES7WBEAEZM8QWHK6DPXR42,"X from Outer Space, The (Uchû daikaijû Girara)",Royce Prose,2011
01JNES7WBFWP5KV8PFA4Z5H3AK,"Dinosaur Project, The",Ansell Briddock,1999
01JNES7WBFSYDE5WBX5F5KVRQY,Box of Moon Light,Jerad Skermer,2019
01JNES7WBFRT0JCFX286F40DX5,Planet Ocean,Davidde Pessold,2024
01JNES7WBGDZQJH7EFBP44R2WZ,Wild Reeds (Les roseaux sauvages),Vidovik Colleran,2010
01JNES7WBGS0VNZYZ3VDW73C97,The Old Maid,Bord Wilmut,2005
01JNES7WBHCJHA0PKZ69V7HB9M,Grumpy Old Men,Franny Cupper,2014
01JNES7WBHSTCV5WAMENR13JY0,Chained Heat,Hanny Stalf,1998
01JNES7WBJM7N5PB692AC90T31,"Tender Hook, The (Boxer and the Bombshell, The)",Tiebout Norwood,2008
01JNES7WBJN4PMSJGEN9T2ND5B,Andrei Rublev (Andrey Rublyov),Hilliard Smitherman,2018
01JNES7WBKEAFZK67QVFQ9YQCQ,Les hautes solitudes,Austina Coffelt,2012
01JNES7WBK79Z94K69KB507JQB,Lunacy (Sílení),Camille Root,2013
01JNES7WBMRGXZNWZ8J5TGHK9V,Vääpeli Körmy - Taisteluni,Charlotte Freeborn,2023
01JNES7WBM4MP1TKEP9A6DEQQD,Earth to Echo,Fara Scotchmor,2004
01JNES7WBN02AHQ7P2JTR82R8N,Eros (Men and Women) (Noite Vazia),Maximilianus Fitzpayn,2012
01JNES7WBNS02HC4N3WKXCQ345,Beetle Queen Conquers Tokyo,Sibby McConnachie,2004
01JNES7WBP5D39ZQYFHS8QRHHD,Tere Bin Laden,Calla Chastanet,1993
01JNES7WBP9CN79Y2PA1AP8GS5,For Sale (À Vendre),Carlye Fassbender,2003
01JNES7WBQ7K32ZMV7R4CJ72F5,Big Jake,Cory Gustus,1991
01JNES7WBQ48K62JAJ3K9PGQ0G,Secrets of a Soul (Geheimnisse einer Seele),Celina Corballis,2004
01JNES7WBRK3A7RTWZGWFR6G4W,Intolerance: Love's Struggle Throughout the Ages,Edee Measey,2021
01JNES7WBRCAP4M8YGPDY7BDSR,Léon: The Professional (a.k.a. The Professional) (Léon),Jonah McGloin,1993
01JNES7WBSZ2GD1RMD93X1HP7G,Cantinflas,Felice Grinin,2004
01JNES7WBSQGDQSZWHN0MZRZRC,Margin Call,Joana Hathway,1999
01JNES7WBTBW4R96QSY5DJWYJ9,Murder in the First,Marla Brattell,1990
01JNES7WBT1NQSTGMAM42D9J9K,Tony,Dell Collyear,1991
01JNES7WBV9024BMJXGF150RTE,Secret Admirer,Hastie Wayman,2023
01JNES7WBVVNE2V8A0PDNSBRTX,Godzilla's Revenge (Gojira-Minira-Gabara: Oru Kaijû Daishingeki) (All Monsters Attack),Dell Boak,2025
01JNES7WBW6BYQWGBJKCRAVDZH,"47 Samurai (Chûshingura) (Loyal 47 Ronin, The)",Tyrone Blasing,1992
01JNES7WBWZERHB3PPKKRJSGNS,Roustabout,Rani Ranstead,1995
01JNES7WBXJTYT5H54H45N9N0B,Meshes of the Afternoon,Bertine Wassell,2006
01JNES7WBYD6VG4CDB4KB6A1K6,Werewolf of London,Avictor Janjusevic,2020
01JNES7WBYQSJ2TX0V0EX85ZW5,American Horror House (Sorority Horror House),Alexine Mattiacci,2010
01JNES7WBZ0M3D0BWN4YS64BPK,Extraterrestrial,Nani McCready,2000
01JNES7WBZWQJ5Q5NAEY8ZH4P5,Facing the Truth (At kende sandheden),Baryram Reeders,1999
01JNES7WC0AN8AH63BQNWWE6PG,Bluebeard (Landru),Jennilee Woolf,2008
01JNES7WC0QBY9CEGR5AN9KDSQ,Tangled Ever After,Mill Bassham,2021
01JNES7WC1QAVCQS6B52WKTCSD,"Southerner, The",Marie-ann Wyburn,2022
01JNES7WC1Q0H379MGEYJ0SR20,"Groove Tube, The",Eustacia Roddan,1994
01JNES7WC29WNNGTY6M6Y3BYCQ,It's Alive,Amalee Beminster,2025
01JNES7WC2W4K2QN26WQGJ5SX3,"House, The (A Casa)",Floria Tapsell,1994
01JNES7WC26GYF2DR6GB48EV56,Pauline & Paulette (Pauline en Paulette),Bernie Birts,2010
01JNES7WC3Z032H05TY8K81ZY6,2:22,Audre Alberti,2020
01JNES7WC3YNK11JJZ149KRHC0,Woman in Love (Rubbeldiekatz),Tomi Francioli,2004
01JNES7WC4PJ93QFFDRW37B0QR,Progression,Andres Hulse,2008
01JNES7WC4J97T0TZ1C77YWMBK,September,Chantal Ropars,1991
01JNES7WC53THNR38J4PV9XVXB,Siblings,Salem Annesley,2019
01JNES7WC5019XV9CMCH98MYKJ,American Psycho II: All American Girl,Kaitlynn Pateman,2020
01JNES7WC641F4E9W88HSYEK0P,Jungleground,Janette Mathissen,1999
01JNES7WC6FGMYPJ0W9B4CHM71,"Children of Heaven, The (Bacheha-Ye Aseman)",Branden Pane,2004
01JNES7WC728E6PBF0HQK96AVB,"Love Punch, The",Kath Rampley,2025
01JNES7WC7MTXVM7PKYKV07HN1,Bill & Ted's Bogus Journey,Leroy Frackiewicz,2020
01JNES7WC8K39CWQA8DN28HPSC,Comedian,Bartolomeo Theis,1997
01JNES7WC8439THD90RWA4F6JG,Sharpe's Battle,Erhard Extence,2019
01JNES7WC9B1P2RC641JBQK0C0,"Wild Angels, The",Deidre Warham,2004
01JNES7WC9P07SCRYSVVWQCBGN,Elena and Her Men (Paris Does Strange Things) (Elena et les hommes),Zeb Wesker,2019
01JNES7WC9ZEXN5QDJNNAT9T7K,Apollo 13,Lucretia Daldan,1991
01JNES7WCA8FJHXFBS4MZ9JH3T,Happy Gilmore,Leandra Gaiger,2020
01JNES7WCBSEXER9E5296FKB44,Mortal Kombat,Maurise Yesenev,1998
01JNES7WCBERP89NVN04KNKHSB,"Amityville Horror, The",Emlyn Gilder,2018
01JNES7WCCKW02M33M0JREPEHH,I Was Monty's Double,Seward Cristou,2013
01JNES7WCC82YGV54R9RG32CVS,Medicine Man,Hollie Albarez,2013
01JNES7WCCNKEV00TYW3S8PCPR,21,Arlin Algy,2005
01JNES7WCDGRT575N5CBZ4W0CD,Heartbreak Hospital,Red Gainsford,2022
01JNES7WCD22N1HETJXR4KFY3N,Game Over,Luelle Freiberg,2011
01JNES7WCETGACRZQ4H0XXJK27,Set It Off,Reinhard Lyndon,2025
01JNES7WCEYRJH4X8TDS0JP7BY,Fun with Dick and Jane,Janessa Weathey,2014
01JNES7WCF5G8B90ECZTHVBJNC,Legend of the Village Warriors (Bangrajan),Giacomo Greenley,1990
01JNES7WCFSQWE7NXMN8CSHCNS,La Luna,Batsheva Loukes,2009
01JNES7WCGZ3D9MZ5H8WCV557S,Killshot,Delaney Meller,2020
01JNES7WCGR1WD8XVKSNGNFQNA,Don't Look Back (Ne te retourne pas),Rand Lyngsted,2011
01JNES7WCHYEPB8726ANW9GCYN,The Crowded Sky,Bondy Cowlam,1993
01JNES7WCHB9G229CN6K8PC6A4,"Cougars, Inc.",Carlye Elves,2017
01JNES7WCJ4WCR0BMXESEGMYA2,Mystic River,Roderic Guiso,2018
01JNES7WDZ250E667BN5SN81T7,Hotel,Loralyn Pumfrey,2002
01JNES7WE0TA8EQQY3YFY42V58,Funny Farm,Fawne Daniaud,2010
01JNES7WE1KGNGM2SGW1J8YW6T,There Was a Crooked Man...,Gina Trusty,2019
01JNES7WE14ZWX1AY94XG0FRT2,Fritz the Cat,Yuma Wiltshire,1997
01JNES7WE2H4K4QV91EF9BNDJE,Bond Girls Are Forever,Jaimie Colloby,1994
01JNES7WE2RR65VRKSV9D0P0PW,"Star, The",Nicol Chasteau,1999
01JNES7WE3AD4XBFK2DEZC85PA,Once Upon a Time in the West (C'era una volta il West),Douglas Biggans,2019
01JNES7WE3R7V011DWQVCER0CQ,American Horror House (Sorority Horror House),Bonnie Gedge,1997
01JNES7WE4Y4XZFBKPVGKPTBYN,Jungle Man-Eaters,Ernest Redgrave,2015
01JNES7WE44PY39T6S79CNE1B2,See What I'm Saying: The Deaf Entertainers Documentary,Hollyanne Battany,2016
01JNES7WE57NZA6Y5GJF7YRMS7,"Wild Thornberrys Movie, The",Con Mamwell,2021
01JNES7WE5RV5MT97D06ZSN051,Splash,Roberta Corneille,2025
01JNES7WE697AA824M9KM2P1GX,When Nietzsche Wept,Merrel Wooldridge,2009
01JNES7WE6V0FFPFY9S58GCD8M,I Walked with a Zombie,Kinny MacTrustrie,2000
01JNES7WE7QCWGQ2K5M94GNQF5,The Fabulous Baron Munchausen,Fayth Winton,1998
01JNES7WE7T9TVCRKNYNZT0DMC,Déjà Vu (Deja Vu),Berne Alcorn,2017
01JNES7WE8XT8EC9XYRYQJNB8E,The Incident,Hiram Wilfinger,2006
01JNES7WE824NGATGW3AWNRW3T,Deathstalker,Valida Shrimplin,2025
01JNES7WE9HT8Y2M4AAH6F4PYT,My Rainy Days,Hobie Bennen,2014
01JNES7WE9B5Y905ZF87NDV47Y,Benji ,Shela Siburn,2002
01JNES7WE9TXSCFCN6TMM3DR17,Versus,Coop Berthon,2007
01JNES7WEA3V97254TG5D7E9R1,Sabrina,Lynnette Huws,1999
01JNES7WEAQD62XWM99DX9RK7F,"Blue Angel, The",Ingra Bonallick,2020
01JNES7WEB0RHHAJHAX0D6VCVE,Nine,Pat Braunes,2024
01JNES7WEBS2ZFP7FVAS91G53J,"Take Her, She's Mine",Ignaz Sinton,2023
01JNES7WEC2MH36JX5AQZK563M,Send a Bullet (Manda Bala),Dorisa Salters,1996
01JNES7WECQ5063A2PE4XME6VD,Pavilion of Women,Perkin Dufaire,2001
01JNES7WEDT3RRRKEH25V3M0ZA,To Die For,Katie Ealam,1998
01JNES7WEDHE4AWAE90SG0X1C0,Internal Affairs,Drugi Ferenczi,1993
01JNES7WEEY46G8WQ6WWSE9AQF,Siegfried,Lucille Whitesel,2016
01JNES7WEE60Y2F79NTM66S44P,River of No Return,Danny Bullimore,2024
01JNES7WEFXJ17099E43ZRYEBV,My Dear Desperado,Etty Gramer,2014
01JNES7WEF9ER82XS074D1T8C5,Before Flying Back to Earth (Pries parskrendant i zeme),Susann Scough,2011
01JNES7WEG9FK7K17XN7D3HXH3,"St. Francisville Experiment, The",Noni Pettican,2007
01JNES7WEG3SSY27S1GW9GSQHS,Solo Sunny,Aurel Farnan,2020
01JNES7WEHY1A4QRQ2J8AB5NV1,Young Tom Edison,Joela Gladebeck,1993
01JNES7WEHCXP0S8R4Z8STMNV1,One A.M.,Eran Dufty,2021
01JNES7WEJYJPPG3NR3HK030X2,The Diary of Preston Plummer,Darren Dowty,2011
01JNES7WEJVWQQCSPS95X3WBYK,"Birth of a Nation, The",Jecho Fuge,2022
01JNES7WEJX9QMX2YFH37WADNQ,Creator,Sayre Plain,2003
01JNES7WEKZ2T3W0WQ6H53CDM6,"Pact, The",Barnabas Haughton,1996
01JNES7WEKAM4MC48HQRWQCB74,Macon County Line,Rubi Ruslen,1990
01JNES7WEM7R1K53HDFNNRCJEB,Target,Deonne Dempsey,2021
01JNES7WEM9PXNZZ6E5SKE453D,Shoulder Arms,Nadiya Fairnie,2003
01JNES7WENW6HM51ZS34JSMHA9,Marie Antoinette,Ludovika Geekin,2002
01JNES7WENV7GFKH94A5RZFRE1,Ice Quake ,Peder Edmonston,1999
01JNES7WEP8WSVCRE2P24JCR9M,Crossing Over,Paul Cotta,2015
01JNES7WEP2BMX9B9M9FF2T5HQ,"South, The (Sur, El)",Bobby Hacun,2001
01JNES7WEQ33AP9YAZ76PM4C8P,"Sicilian Clan, The (Clan des Siciliens, Le)",Marianne Levins,1992
01JNES7WEQHMS6R9DR0MX69NTY,Equilibrium,Gretchen Drane,2006
01JNES7WER8DEWYYADZ208ZVC3,The Case of the Curious Bride,Lira Jewes,1998
01JNES7WERAF4FT8JM2JK3DS0Y,Lulu in Berlin,Trueman Filipiak,2004
01JNES7WESWJB5YP1MAQDVPBDK,"Unintentional Kidnapping of Mrs. Elfriede Ott, The (Die Unabsichtliche Entführung der Frau Elfriede Ott)",Georas Bailiss,1998
01JNES7WESC04G8YHZYR6YG0N3,Saving Mr. Banks,Demeter Burchatt,1998
01JNES7WETF240TM40TQSNE24B,"Show of Force, A",York Featherbie,2007
01JNES7WETFXPBDYQEH02DD0RB,Heights,Howie Giscken,1999
01JNES7WEV3K0WVA2PSATJ30HG,Tombstone,Antonetta Samme,2012
01JNES7WEVVR0ZNFBR9K315MJX,Parasite,Garey Geere,2003
01JNES7WEWEV8HF97ZKHNP1MBW,Happy Birthday to Me,Isis Micheu,2005
01JNES7WEWZF69X8PJZT0GN792,"Last of the Mohicans, The",Eolande Arens,2016
01JNES7WEWH18Q0A6SK0Z8CZQK,Boy Interrupted,Maxie Klauer,2002
01JNES7WEXS9QCWE5K3YB1TTXS,"Christmas Memory, A (Truman Capote's 'A Christmas Memory')",Reg Setch,2024
01JNES7WEXBB4BFP3R0KA90S5X,Police Academy 2: Their First Assignment,Van Cattonnet,1995
01JNES7WEY3STSRHXHV1PGWP4B,Jude the Obscure,Reggie Sallier,2024
01JNES7WEYSKRMJ5NYNNAC9Y6N,Little Ashes,Donella Sinclar,1990
01JNES7WEZ26QXCE6YKVMP79D4,Kenny,Starla Poore,2008
01JNES7WEZRCWWBMZHW1XMZFJK,Niko & the Way to the Stars (a.k.a. The Flight Before Christmas) (Niko - Lentäjän poika),Nap Esberger,2005
01JNES7WF0VJ1W95Q4J3FNYVHZ,Samurai Cop,Kerk Gorringe,2003
01JNES7WF1ZFXRXGM0RF9BE7SE,Left Behind: World at War,Romonda Pratchett,2018
01JNES7WF18SZ1BQ6D90HE0HX4,"Horseman on the Roof, The (Hussard sur le toit, Le)",Standford Pablo,2001
01JNES7WF2M4NS3SCDDFTP0QPY,Free Samples,Lamond Smiths,2018
01JNES7WF2375NFX0QEZFGGHXC,Lifeforce,Auberon Feldheim,2002
01JNES7WF3WGEWRXH83FM54JYC,Overnight,Ardis McEttigen,2022
01JNES7WF3YT6GCJWGZ1S7CDQM,Possible Loves (Amores Possíveis),Elvera Shakle,1999
01JNES7WF4BB20WCD2GCHD67R4,Tom Jones,Tucky Lidgett,1991
01JNES7WF4ED79Y87X85M9A6GX,Yesterday's Enemy,Hettie Van Arsdale,2008
01JNES7WF5374B45W6Y6ZSWE99,Rebel Without a Cause,Dalli Thandi,2025
01JNES7WF5KXZZVPNEKEAX81B3,Dawn of the Planet of the Apes,Rafferty Gunning,2000
01JNES7WF66CHMA3A1M3KF049K,Walking Tall,Mitchael Stannislawski,2018
01JNES7WF6VQNFXATQEY6WYYN8,Christmas Eve,Rafe Zuann,2014
01JNES7WF7DSV0DS43S09D7YK0,Zatoichi at Large (Zatôichi goyô-tabi) (Zatôichi 23),Gibbie Duny,2008
01JNES7WF7KA0SQ4J2SVDRGVXB,Ewoks: The Battle for Endor,Jyoti Chick,2024
01JNES7WF7DTG4PCY887BPQB21,Strangers on a Train,Joleen Langthorne,2013
01JNES7WF8HNAB20M6J6YBB7MK,That Evening Sun,Kari Karolovsky,2025
01JNES7WF8BH3M2K330DQABKRR,"Dark Tower, The",Carson Longbothom,2005
01JNES7WF9XX4ENRVYJR0KPAEE,Aileen: Life and Death of a Serial Killer,Joyann Feltham,2019
01JNES7WF9MT8XV5BS0TPDVGSH,Take a Giant Step,Ring Bohey,2005
01JNES7WFA04F8BAWAY0WFFSAC,"Man in the Iron Mask, The",Bren Klammt,2018
01JNES7WFAJZYMR70KYC8ZHEZ4,Nomads,Tara Sciacovelli,2016
01JNES7WFB8RWXJNVR1YKE7KP9,Vinci,Cristal Schruurs,2008
01JNES7WFBCS076HKPKDVQ8ERD,In This Our Life,Melba Salzburg,2014
01JNES7WFCHYB22WNSDXQTCN9K,Judgement Day,Carny Christauffour,2010
01JNES7WFC5S9FJZ43BGV3Q1F9,Extraterrestrial,Sianna Bumpus,2016
01JNES7WFCTAQX29G4V0Y7N95E,Streets of Laredo,Debbie Hinchon,2023
01JNES7WFDJFNMRFAFTDH7EH8C,Bridesmaids,Baron Nickels,2016
01JNES7WFDXF8FKTTHB50W9PZM,Zombie Honeymoon,Sophronia Allibone,1991
01JNES7WFEDBA7YACTE7C0BJ8Z,Nob Hill,Cally Mobius,2003
01JNES7WFE5RAGFFG8W516DEYX,Kevin Hart: Let Me Explain,Susanna MacCarter,2019
01JNES7WFFNZ1CKQAGWKQDTQH4,Emperor,Carie Huison,1990
01JNES7WFFRPDG351TW5EC4D35,Bonhoeffer: Agent of Grace,Gabrila Bosson,2008
01JNES7WFG83ANVZAG1KDMV338,The Body,Karil Barkhouse,2011
01JNES7WFGQY8P0366SP00NYA9,Bag It,Crysta Hanvey,1999
01JNES7WFGM26XVE0GVFNTEWQ2,Twister,Wait Tremathick,2010
01JNES7WFH3KS3TD3HP5C72SFB,Life in a Day,Cristen Vanne,2000
01JNES7WFHEB5HNDMWDPCV9P7C,Firepower,Inger Burris,2015
01JNES7WFJ3M9HJTY9Z3NVV6CF,The Hobbit: The Battle of the Five Armies,Orella Meron,2022
01JNES7WFJ8S5WC5E26XMB01DZ,Bride & Prejudice,Nestor Ibarra,2003
01JNES7WFJFP9SPCADTDBT6EXJ,Get Carter,Dael Main,2024
01JNES7WFK6YNT8123V8JQRYGE,Zoom,Millie McGann,2006
01JNES7WFKKQZMD92EE3M28QTA,Wild Seven,Zsazsa Kennan,2025
01JNES7WFMFSWWWE08BZ0MMNXY,"Kidnapping of the President, The",Cherey Lowis,1992
01JNES7WFMR09EQ72TS275VYDM,Shinobi No Mono 3: Resurrection (Shin shinobi no mono),Aili Manass,2007
01JNES7WFNGR4EMSKZ7V7WA1FF,Do You Wanna Know a Secret?,Bessy Khomishin,2021
01JNES7WFNKF6MZBEN4F6CSDEK,"Edge of Love, The",Rozalin Vedstra,2000
01JNES7WFPRVXA726SC88BEGWT,"Pleasure Seekers, The",Merrili Casemore,2009
01JNES7WFQH75SMEVGW5RJ0DVN,Vision Quest,Stanislaus De Benedictis,2016
01JNES7WFQ5YPT7V32AJ3MFHZT,Dragon Ball Z: Fusion Reborn (Doragon bôru Z 12: Fukkatsu no fyushon!! Gokû to Bejîta),Mariele Christauffour,2023
01JNES7WFR8MT4T0BVGD68CCDB,Waiting for Happiness (Heremakono),Daphna Hartigan,1994
01JNES7WFRMW8KHVJ71QWVTQCG,Pentimento,Graeme Pautard,2015
01JNES7WFSS3FN14YK9XYW2W47,I've Loved You So Long (Il y a longtemps que je t'aime),Edgar Debow,2002
01JNES7WFSXTQ68GBP69H201K8,Carpool,Jenn Maltby,2010
01JNES7WFTR2KXB33YK2VY17VK,Angel and the Badman,Theodora Bode,2004
01JNES7WFTXRYXMKFWBBAR4M19,"Boxtrolls, The",Alfy Cunningham,2018
01JNES7WFVTMN9J6VKE805TPZY,"Palm Beach Story, The",Nicky Swendell,2012
01JNES7WFVT2HDK51B79178CDT,Girls Town,Angie Ditt,2011
01JNES7WFWT1RNXJMWA5Q0KJZ0,Jersey Boys,Con Dumberrill,2001
01JNES7WFWVYDM6CG966W1D8NA,"Ugly Duckling and Me!, The",Blane Phillcox,2008
01JNES7WFX7R391F0V0YN1PG48,Kansas City,Blinni Capewell,1994
01JNES7WFYQRBVM4A25FDFWKKK,Days and Hours (Kod amidze Idriza),Tracy Placide,2000
01JNES7WFY72WW2CGXHVJ5C9JD,Onmyoji (Onmyoji: The Yin Yang Master),Torrence O'Keaveny,2009
01JNES7WFZEMM4KBPE6ZQ6J8JJ,Aftershock,Lay Klimus,1998
01JNES7WFZYCZXYHQ12EWZM06V,Memoirs of a Geisha,Letitia Barhams,2001
01JNES7WG0VNB87TQS4J48P633,"Tender Hook, The (Boxer and the Bombshell, The)",Bertina Cronkshaw,1994
01JNES7WG0TF13QWCA38MVWVZG,No Time for Love,Morganne Jenkison,2021
01JNES7WG1494KDZW8S3NTDQTY,They Call Us Misfits (Dom kallar oss mods),Rona Duddridge,2001
01JNES7WG13DEC8Z322NKJG93B,Wind,Al Kohring,2021
01JNES7WG272KBDSPCWC3KGCQ9,Johnny Dangerously,Ambur Rodinger,2020
01JNES7WG2JH8DVPN8A9KDFZX3,Rosewater,Maddy Alday,2024
01JNES7WG2T5VVD4T5CVJVS2P4,Eddie Murphy Delirious,Wolf Gumary,2018
01JNES7WG3J80W1TBA4VHBB883,Gregory Go Boom,Heindrick Rojahn,2000
01JNES7WG3S6FGBS1VNHDNG4RJ,On the Double ,Alvie Rhymer,2017
01JNES7WG464CZZAX6WMCSYQFG,Arn: The Kingdom at Road's End (Arn: Riket vid vägens slut),Josh Leefe,2021
01JNES7WG4A2R09D6R3A4Q2BJ1,Violet Tendencies,Waverley Healing,2000
01JNES7WG59NE15AESMS3V4S13,"Cold Water (Eau Froide, L')",Yalonda Kief,2005
01JNES7WG5CK95H3WGA1482SK1,Guardians of the Galaxy,Amara Revie,2002
01JNES7WG5JHEDGG3X7FXY2MN7,American Gothic,Agatha MacSporran,1995
01JNES7WG60S25XMZXXC8YVCX8,Idiots and Angels,Valina Dahlback,2017
01JNES7WG643P5PJ517V8HN5JQ,Live Music,Papagena Gifford,1994
01JNES7WG7F98PKD0GRWSGEYE1,Lettera Amorosa,Baron Lockless,2022
01JNES7WG752CT4T0SNMWVZ688,Thrilla in Manila,Franny Neathway,2003
01JNES7WG8E97SGN6X7YQHETN7,"Runaways, The",Nikolas Blaske,2018
01JNES7WG8GG77QRTZDPQ2NMV9,"That's Entertainment, Part II",Heinrik Severn,2003
01JNES7WG9G4TRPA0YKNNVPX63,"Fisher King, The",Chico Hassell,2008
01JNES7WG90GNHX93SZ2XW36FA,Merry-Go-Round,Yevette Crew,2025
01JNES7WGACYXDKNEG4NJTQEVA,Salomè,Ros Nibley,1999
01JNES7WGAHTVC90X6C3J8ZTH3,Black Mask (Hak hap),Kenny Draude,2011
01JNES7WGBRZH69G8HF14PG4K6,The Five Man Army,Earl Gilkison,1996
01JNES7WGBRDPC0QKF48WJJV5H,"Dirty Dozen, The: The Fatal Mission",Myrah Underhill,1992
01JNES7WGBW7YBKW1W8R2370V6,Alex and Emma,Vevay Happer,2000
01JNES7WGCFCH1PTSHWA0T6BTT,The Green,Bevan Reckless,2010
01JNES7WGC67BRZM29ZT4BWG41,On a Clear Day You Can See Forever,Augustin Mallebone,2015
01JNES7WGD4DVQRXMMAN1CJ16S,Waterboys,Dixie Gorman,2025
01JNES7WGDJFTBQTFFXXHNE1QS,"Wild Parrots of Telegraph Hill, The",Dwain Crowcombe,2001
01JNES7WGEG6PPXVKH193EJ2ZA,Thurgood,Leonidas Mallard,2024
01JNES7WGE1P5X4K4ABBNPKB31,Out of Bounds,Hunter Ruilton,2013
01JNES7WGFMCJBXFWKACHCQ9QF,Short Circuit,Georgeta Dacey,1996
01JNES7WGFFFFWB6DMRF5937Y1,"I, Frankenstein",Leonidas Sandercock,2025
01JNES7WGG5G4CXFA89MHQJTTW,Live Nude Girls Unite!,Hobart De Hooch,2002
01JNES7WGHJ7BDXN16WDRC4SPH,Hotel for Dogs,Redd Dorr,2011
01JNES7WGKJQZN9PMQ1CYGPJ64,Kevin Nealon: Now Hear Me Out!,Dar Slessar,2009
01JNES7WGMYEA2V6JM6DNCHNXW,All or Nothing,Nikolaus Macartney,2010
01JNES7WGNB5RBWC7W3GER7A8Q,"Farewell to Arms, A",Sapphira Ianinotti,1997
01JNES7WGPJMG62MTKPF5STX98,"Captive, The",Jilli Finnigan,1993
01JNES7WGQJ7T6BNC8ZZ4ZM7NN,American History X,Melisse Campkin,1994
01JNES7WGRPW7AHMQ1QWS8769F,Alaska,Demott Fowell,2004
01JNES7WGSPR58E29V6XCJBEJP,Bandolero!,Darleen Simonutti,2009
01JNES7WGSF28VEJRSE01Y80FP,Futureworld,Dannie Cheetam,2008
01JNES7WGS0HC9ABJH589WP57E,Tightrope,Dominique June,1993
01JNES7WGT9JYF759XJY3ZVEFH,Bean,Tim Stichel,1995
01JNES7WGTPRKT70KDTSYB0YFP,Tracers,Torr Blonfield,2022
01JNES7WGVN8QTG4WN41K6HNQ0,Bang Bang,Matty Josifovic,2011
01JNES7WGVS5VE1598ZCM46NWV,Parallels,Micah Bourdel,2008
01JNES7WGWQ1Q2XXAEFPK4SMA2,South Park: Imaginationland,Darrell Barends,1997
01JNES7WGW3290EG9N5C4VT59V,"Lucky One, The",Sallyanne Jurisic,2004
01JNES7WGX6MK0MK6GWC0XYBFS,The Sweet Ride,Denna Speenden,2010
01JNES7WGXBF3ET08PGHQ5QHW8,7 Boxes (7 cajas),Jonie Edleston,2005
01JNES7WGXYWRMZMBG6GQ1YMVC,Forget Baghdad: Jews and Arabs - The Iraqi Connection,Giffer Grafton,2010
01JNES7WGYKFVDJ5ZASYYFRPNX,City Zero,Sibilla Burchmore,2018
01JNES7WGYDZZY41M6BST14J88,Studentfesten,Gabie Beattie,1995
01JNES7WGZ3XN6WMB619PDKT1N,Counsellor at Law,Elvis Bees,2005
01JNES7WGZ600FNRSBM43SVQ9W,Hot Shots! Part Deux,Olwen Antoinet,1999
01JNES7WHCGX3VVH3HH6H5MYQK,Darling Companion,Drake Robbel,2000
01JNES7WHDAKATQB4TY8FEE775,Menace II Society,Cyrillus Asker,1996
01JNES7WHD7KMN03XY2N0QEZPV,"Ambushers, The",Blair Vasile,1992
01JNES7WHEA139KRJXTQ5WV0VR,Momma's Man,Putnem Innerstone,1993
01JNES7WHE5QBBA4JG9EM1Q218,Adam & Steve,Ashleigh Idill,1994
01JNES7WHFHN092A2Z6CX4K250,"Starving Games, The",Filippo Guisby,2025
01JNES7WHF7S6XDKQ37V2BZ4XC,The Princess of Egypt,Alvie Beretta,2012
01JNES7WHGHYNSE0NK6HRC0ZYG,Assisted Living,Carlye Bridgen,2011
01JNES7WHGE9H9D030KF9RJCSW,Grandma's Boy,Adi Curry,1995
01JNES7WHHPJCB83MDSYH9XK3Q,Cake,Emmy Selesnick,2015
01JNES7WHH05F4A2AREDSSX5NW,Offspring ,Laughton Bartosch,2015
01JNES7WHJYPND6K4BWDFP2EKF,Part of the Weekend Never Dies,Jeane Dyball,2004
01JNES7WHJFSQZDMZGWEHSC7M0,"Plastic Age, The",Ferrell Barkworth,2004
01JNES7WHKZEA7KM2BYZ19RW4C,Pierrot le fou,Dyan Trouncer,2011
01JNES7WHKV8Y005F3RBFMMEVB,Vares: The Kiss of Evil (Vares - Pahan suudelma),Freemon Beagan,2025
01JNES7WHMVTB97DTVA17GDQ9R,Inglorious Bastards (Quel maledetto treno blindato),Rayna Chappelle,1997
01JNES7WHMCKENYWM06ZBJSREK,Cluny Brown,Joycelin Fysh,2021
01JNES7WHMSMG4JSV6EXXQRC18,Secret Agent,Cordie Sentance,2002
01JNES7WHNHS8KKGX3QDB2HZ21,"Manchurian Candidate, The",Rowney Secker,2003
01JNES7WHNFFRA9X4VB5HSASE0,"Joke, The (Zert)",Fenelia Shovell,1998
01JNES7WHPJANEA5MME6HTWABM,Transylvania,Raynard Urian,1991
01JNES7WHPX2T8F81968JCTS90,I Was A Communist for the FBI,Mollee Saladin,2024
01JNES7WHQEAG9YMBTFE81KPRD,Vesna va veloce,Jameson July,2003
01JNES7WHQPR2F49GPY2N1989B,Street Fight,Austina O'Cahsedy,2008
01JNES7WHR94ME3266TEWX2FZF,Jaws 3-D,Nobe Bareham,1995
01JNES7WHR647ZVCXF53N6ZTVC,Merrily We Live,Kevina Chrestien,2016
01JNES7WHRBGF7ZGYR6YN10DR7,Why Has Bodhi-Dharma Left for the East?: A Zen Fable (Dharmaga tongjoguro kan kkadalgun),Adrian Klausen,2016
01JNES7WHS7NZS8SQFAF9Q512H,Party Girl,Maryrose Darwin,1994
01JNES7WHS603K3SGNB1JNRM94,Soldier of Orange (a.k.a. Survival Run) (Soldaat van Oranje),Babita Hawksworth,2019
01JNES7WHT8XFW72XXGTNDN7FZ,King Kong Lives,Eunice Philpin,1997
01JNES7WHTSHSBN19NXPQZEQAD,2019: After the Fall of New York,Basil Stockau,2016
01JNES7WHVTVKBBG87BVSDVHJR,Revenge of the Green Dragons,Crin Giddings,2006
01JNES7WHV1XSX1T5ACDG9EVA1,Riff-Raff,Beatrix Alison,2020
01JNES7WHWTDHX691335TVCQJ6,12:08 East of Bucharest (A fost sau n-a fost?),Bari Tanti,2003
01JNES7WHWKTM53KYY14WWB6E7,"20,000 Leagues Under the Sea",Veronika Brewerton,2020
01JNES7WHXVTB1SG4S3YAG0A6T,Stingray Sam,Blisse Morch,1992
01JNES7WHXFCKA8BCV8C4XXNH3,Supercop 2 (Project S) (Chao ji ji hua),Curran Peeters,2017
01JNES7WHYT907GQNPDDNETT32,Bellissima,Holli Shovel,2000
01JNES7WHY7N98QN9NJMWQJEF8,Friends with Kids,Adoree Besse,1995
01JNES7WHZDYB79ZXJFT3WJVCN,Special,Raquela Reed,1994
01JNES7WHZJ13CR7PPZV1KQ9MZ,Kolya (Kolja),Madonna Grishanov,1999
01JNES7WJ0DBTFSQM157KEQN6P,Odds Against Tomorrow,Sybille Lillee,1995
01JNES7WJ0G78CMREN9D37APZ3,Something to Sing About,Lucien Finden,2009
01JNES7WJ17D6ZX598GJK49HRB,Swamp Shark,Chastity Hughill,2017
01JNES7WJ1F4TCFXYE9H4KPYXW,Secretary,Bethina O'Mullally,2011
01JNES7WJ2VDYGCJ3WN8TW2BNB,Los Angeles Plays Itself,Joby Overstall,1998
01JNES7WJ2273QKYYGZ20A2TBX,"Adventures of Baron Munchausen, The",Wyn Hadley,1998
01JNES7WJ2G0BE56Q53C6Y1Q61,Devil Hides in Doubt (Sollbruchstelle),Romeo Sangra,2007
01JNES7WJ3BD821EDKXTVTCT7N,"Man Called Gannon, A",Craggie Maddick,2006
01JNES7WJ3TXCF5CJKGYCXSX4G,Children of the Night,Brendis Bandey,2017
01JNES7WJ4TFKWPEGD30RJRBSF,Fire,Sanson Crysell,2007
01JNES7WJ5YBSF7MR9WNWQ0YYM,Forty Shades of Blue,Kristofor Mattiuzzi,2025
01JNES7WJ616H0PTN7NJCC6HKJ,Killer at Large,Rosie Caulfield,1992
01JNES7WJ6PAPD97X9FWP4G5YN,"Lodger, The",Darell Jee,2000
01JNES7WJ7F5Q0Q0V0AJ6N5E3M,Nina Takes a Lover,Meaghan Barrand,2020
01JNES7WJ7J8MJGYB1BVN0PR2C,"Truth About Cats & Dogs, The",Chane Ettridge,2025
01JNES7WJ8SPG27XHKZ9FC4P8P,The Encounter,Myrtia Canelas,1990
01JNES7WJ8CKKEW9J5ZZ2CY0MX,Mountain Patrol (Kekexili),Rennie Weddeburn - Scrimgeour,2024
01JNES7WJ96Z3H14TP71F1Z8SN,Small Roads,Tiebold Byers,2020
01JNES7WJ9RK2QQJCWMXM1N1CH,Planet of the Vampires (Terrore nello spazio),Neville Vedmore,2004
01JNES7WJ9ZW7BXXJ87EP1QFGR,Chairman of the Board,Shannan Dutch,1992
01JNES7WJAMSY6DRW6Y7PADRSD,Dog Run,Al Forestel,2015
01JNES7WJAFQ6WNG1FRN7J0Y88,"Forger, The",Vinson Goldstone,1996
01JNES7WJBTFK07H0C3DBPMABA,Wassup Rockers,Terence Stanistreet,1998
01JNES7WJB13SMB3F097E7KZVF,I Am You (In Her Skin),Penn Yakebovitch,2007
01JNES7WJC93B6566N8V46Z2WJ,King Rat,Elissa Westney,2025
01JNES7WJCEAF0QCG3BR52SKTX,"Conclave, The",Nikoletta Swain,2003
01JNES7WJDVN1SH82H4MHZDAZ0,Burn,Missy Middell,2016
01JNES7WJD2XM8MWFM0NQJ83W4,Welcome to Macintosh,Raven Peachment,1992
01JNES7WJEAH4DKBH6A0JAM6FV,Murder by Decree,Shae Baiden,2009
01JNES7WJEEH72CW7AD2RW2W3T,One Piece Film: Strong World,Gaylor Trainer,2008
01JNES7WJE5YA0RJ9HVNZZ7Z0V,Loggerheads,Oralia Milligan,1996
01JNES7WJFHD0G63A14SGTQQA5,"Misfortunates, The (De helaasheid der dingen)",Loydie Moquin,2014
01JNES7WJFM15HBDR12WJRZNG4,21 Hours at Munich,Alain Morsley,2012
01JNES7WJGARN7359BR2R0QS36,Sexual Dependency (Dependencia sexual),Sephira Kennan,2009
01JNES7WJG8SZ9ZK9TYDVKDTDA,Anna Madelina (Ngon na ma dak lin na),Cornall Jaquet,2025
01JNES7WJHETS57DK4K5CVP7NS,Hipsters (Stilyagi),Cheri Prendergrast,2021
01JNES7WJH5TFTHMBBHSN7EPGE,Rosa Luxemburg,Ardys Arp,2024
01JNES7WJJR6SGXCGRYYKKCKVF,The Woodcarver,Dahlia Bresnen,1995
01JNES7WJJ414PE3W035R3QJBV,Two Little Boys,Boyce Funnell,1992
01JNES7WJKNWS2ZWSZD6DTC26H,"King and I, The",Barrie Spier,2024
01JNES7WJKYSJF0AHM4S8WM36T,"Pyramid of Triboulet, The (La pyramide de Triboulet)",Jobina Scarlan,1997
01JNES7WJM9ATSHYY86VX4MGE6,Arthur 2: On the Rocks,Otes McMickan,2000
01JNES7WJMZS5RSH3NTFT35YT8,'Twas the Night Before Christmas,Bentley Meake,1992
01JNES7WJMT75X63N18V642M3T,Salaam Cinema,Claiborne Stonebanks,2018
01JNES7WJNY9TMMTYSNTZ8G3MB,My Mother and Her Guest (Sarangbang sonnimgwa eomeoni),Phillip Kollach,2017
01JNES7WJNJQYKBHHXATJ8R4D6,Eddie and the Cruisers,Tilly Tatershall,2022
01JNES7WJPRGTHH8Y9MXXGV0FR,Bloodbath at the House of Death,Clair Barbisch,2012
01JNES7WJPPH8486Z6X3AW6NST,"Bride Wore Black, The (La mariée était en noir)",Kimberlee Toor,2005
01JNES7WJQB2F0SQQ36TXQB529,Planet Terror,Ciel Braycotton,1997
01JNES7WJQBHS7X9WV3189X8Z3,True Stories,Ranice Scain,2008
01JNES7WJRVFR00YQSS38S9240,ID:A,Estrellita Crossgrove,2021
01JNES7WJR1F0TA5QB96GEG67F,"Rocket, The (a.k.a. Maurice Richard)",Darrick Camili,2010
01JNES7WJSW8NQFC6710WP55SV,Hell House,Winifred Jannequin,1996
01JNES7WJSVBWVB6NY39VJ7259,Paul Williams Still Alive,Arly Ucceli,2009
01JNES7WJSF10S1KFTQC95Y302,Clash of the Titans,Glynda Lathwell,2012
01JNES7WJTMM4AJCYGX2QR9M63,"Bone Man, The (Der Knochenmann)",Rubin Laborde,2014
01JNES7WJTRYBHED6RG6Q6YH71,"High and the Mighty, The",Giselle Wallen,2012
01JNES7WJVNESB9AMFSQ5B82HS,"Song Is Born, A",Lexis Firbanks,2019
01JNES7WJV9CWVT0CHA178QP7V,From the Life of the Marionettes (Aus dem Leben der Marionetten) ,Aubrette Yakob,1994
01JNES7WJWMWFV4N8PP1R0YK1Y,Donnie Brasco,Josie Springham,2024
01JNES7WJWHVD3KQV0SPEAJ7KM,Dragonheart 2: A New Beginning,Cari Songust,2023
01JNES7WJXYZP0XQHYNRP2D9HK,"Thousand Clouds of Peace, A (Mil nubes de paz cercan el cielo, amor, jamás acabarás de ser amor)",Bil Perillo,2011
01JNES7WJXYCT29S3RZW1GFTG9,Dimples,Genvieve Ferrey,2006
01JNES7WJYWA26BG4ERA1P5PEV,Silentium,Michelle Kelso,2012
01JNES7WJYR65R0DC9D4CEJP3F,Undisputed,Moritz De Angelo,2012
01JNES7WJZYNKWR6KNQESYW813,Violets Are Blue...,Mateo Crohan,2000
01JNES7WJZDNF3PEMPANE74J06,Bonnie and Clyde,Ephrem Ivantsov,2004
01JNES7WK0TM9KCX9XQQV9TPNT,"Chronicle of Anna Magdalena Bach, The (Chronik der Anna Magdalena Bach)",Eamon Doerr,1990
01JNES7WK096M2126AEHAH51N1,"Children Are Watching Us, The (Bambini ci guardano, I)",Fancie Marrow,2003
01JNES7WK06CRJ9SDABFM9VXDB,Chill,Daren Dericot,1991
01JNES7WK1932JQNXH2JMFYB00,Howling II: Your Sister Is a Werewolf,Aleen Mowday,1997
01JNES7WK1S1MQSEF3FRX4SX23,Things Are Tough All Over,Clarissa Chastaing,2022
01JNES7WK2J7340GAYB60QDAYB,All the King's Men,Arron Noton,2021
01JNES7WK2C27P3BC47TV7BTQ2,And Your Mother Too (Y tu mamá también),Wilhelmine Bubear,2001
01JNES7WK3VZNJJ7VE044WXCQ5,Camp X-Ray,Basil Ivins,1995
01JNES7WK30A8GRA6JGM2EAFYY,"Täältä tullaan, elämä!",Ricca Colyer,2011
01JNES7WK4RD2DHB64RSFY4SKB,Tropical Fish (Re dai yu),Evvie Seaborn,2002
01JNES7WK4Q6CEW41MWMGHQFHT,"All Dogs Christmas Carol, An",Hamel Anersen,2013
01JNES7WK50E729PPQRH40BPX2,Japanese Story,Rena Renbold,1994
01JNES7WK5D26FFEDTZ24MC339,Primeval,Gail Creelman,2014
01JNES7WK64ARQVBNYCF21HPM3,"36th Chamber of Shaolin, The (Shao Lin san shi liu fang) (Master Killer)",Irving Gaudin,2012
01JNES7WK6NN92MK4YWDVTGPT9,"Battle for Marjah, The",Rosabel Newland,1992
01JNES7WK752BXWQ9TDME9MFJK,Recess: School's Out,Erny Ciani,1991
01JNES7WK7SWSZG59RG8DDDSZC,Confessions of a Nazi Spy,Linea Paulmann,2018
01JNES7WK83XYY0V77033R7MYQ,"Wood & Stock: Sexo, Orégano e Rock'n'Roll",Ollie aManger,2016
01JNES7WK8NEC8Q3N02BZV4N27,Upperworld,Gordon Motherwell,1991
01JNES7WK9WCW3ER9V5Z4WDQCT,Offspring ,Pen Stadden,1993
01JNES7WK9EEVPZ10EKSF3Y1ZA,"Ramen Girl, The",Padget Quilter,2013
01JNES7WKAAZX0XR53S2BCG8CR,Metal Brothers (Mammas pojkar),Laverna Janous,2009
01JNES7WKASNTAEVPP9R3T8Y4W,At Close Range,Tito Sima,2010
01JNES7WKBAE93H9S93JZT3P8K,"Cheat, The",Remus Solomonides,1996
01JNES7WKBY1Q8CS11AGTW720W,97 Percent True,Creighton Tillman,2009
01JNES7WKBG5B8KCCAJ24BDTET,Mister Johnson,Kaylil Agnew,1995
01JNES7WKCZC0SSWKM018FV8X1,"Veteran, The",Lon Pesterfield,2025
01JNES7WKC9ZGC9ACS45CCG4VX,"Secret of Roan Inish, The",Rickard Lestrange,1991
01JNES7WKDE1SDN1VAVPP6QSPB,9to5: Days in Porn (a.k.a. 9 to 5: Days in Porn),Lanna Croisier,1994
01JNES7WKD1WKTXVD23NZP5WHC,"Strawberry Statement, The",Halley Butterwick,2011
01JNES7WKEYJYETKJ2P6GKK8Q8,Love in Another Language (Baska Dilde Ask),Clarabelle Emmot,2008
01JNES7WKEK9HMAZ043Q9T79GM,"Tourist, The",Dalston Lyddyard,1994
01JNES7WKF1W96TEBP9C7WC1G7,Nutty Professor II: The Klumps,Yuma Peattie,2023
01JNES7WKF3VGZZG3DCP7CE4KS,Sayonara,Stuart Sherwen,2024
01JNES7WKGVPWG640NSDEKJ2Y2,"Band Wagon, The",Nanine Cuncarr,2004
01JNES7WKG11MKHG89VZ426QW5,Assassination Games,Ariadne Lidgate,2010
01JNES7WKHYCEFBAH34B91FMQ1,Bernice Bobs Her Hair,Lissa Craster,2022
01JNES7WKHMHEMMGWNPJV0M61T,Stranger Than Paradise,Darelle Newlove,1997
01JNES7WKHGQD20NDRNCFCBNZ3,American Ninja 5,Elberta Innis,1996
01JNES7WKJJAT7XSSGC7PNSCDM,"Return of the Magnificent Seven, The (a.k.a. Return of the Seven)",Kore Han,2010
01JNES7WKJPQ6Z9M78TX12J1R9,City of Hope,Renault Brandel,2003
01JNES7WKKS9K04CA3T8X98K8H,"Wet Parade, The",Babs Chrichton,1998
01JNES7WKKJPY0SJ1KK2FM4RFN,Final Destination 5,Ross Hannabus,1991
01JNES7WKMA469T9FE2075Y92T,Go Now,Margery Noades,2000
01JNES7WKMR69CJZGH03ZA0GPE,Mall,Elizabeth Brownsea,2009
01JNES7WKNNZ2SFAC2Q9M8HJ03,"Cry, The (Grido, Il)",Lizzy Paddemore,1994
01JNES7WKNGJM51Q3J69VCZ936,Over the Top,Maura Pflieger,2020
01JNES7WKPPX880XV0FVNKEV3Q,Double Take,Hubert Collington,1995
01JNES7WKP45SYVRHMYYBCWSHG,Täynnä Tarmoa,Patience Starbucke,1991
01JNES7WKP1PV2FWPQH13E91P3,Big Daddy,Drud Hazeldene,2015
01JNES7WKQ7CFTDPN8MDQ447KP,Bogowie,Gloriana Terbeek,2011
01JNES7WKQSV37ACDFTZK7NKY4,Desert Saints,Waylon Gravey,2022
01JNES7WKR2A7R6X7G8XV3H1DA,Hamlet,Worden Caney,2014
01JNES7WKSRQV2N3K6HQV3E63N,Bombardier,Olivero McReynold,2019
01JNES7WKSWHKT52F609WR883Q,Back in Business,Luisa Lamplough,2002
01JNES7WKT7N251VF1VXMH3DAH,"Blind Swordsman: Zatoichi, The (Zatôichi)",Gannie Werendell,1994
01JNES7WKTMK6A7N8BV0D7BE4B,Titicut Follies,Gwenora Edmed,2016
01JNES7WKV5V138EPPQ24HS7BM,Morning of the Earth,Lazaro Morford,1999
01JNES7WKVF1XXM0B3DGRHRX93,"Sheltering Sky, The",Thacher Ubank,2000
01JNES7WKWVG84AA33NHYZ55YE,On the Road to Emmaus (Emmauksen tiellä),Marie-ann Frisch,2011
01JNES7WKWP1CW8R3FZ4FNJP8F,Eccentricities of a Blonde-haired Girl (Singularidades de uma Rapariga Loura),Justine Baack,2015
01JNES7WKXJCF66KK13NX4HB52,"Little Shop of Horrors, The",Karlen Halloran,2025
01JNES7WKXF2KXJK351QR8MXV5,"Eighth Day, The (Den Åttonde dagen)",Melloney McInnerny,2021
